ID	STRUCTURE	FREQUENCY	bahengeast	bahengwest	chuanqiandian	chuanqiandiancentralguizhou	chuanqiandiannortheastyunnan	chuanqiandiansouthernguizhou	luobuoheeastern	luobuohewestern	qiandongeast	qiandongwest	COGNATESETS	CONCEPTS
2-37	t	37	⁵⁵	⁵⁵	⁴⁴	⁴²	³³	⁵⁵	²⁴	³⁵	⁴⁴	³³	1131:3, 1175:3, 562:3, 1840:3, 961:2, 1087:2, 202:3, 768:2, 1275:3, 198:2, 254:2, 797:2, 1672:2, 1720:2, 1805:2, 1884:3, 544:3, 1298:3, 138:3, 1032:3, 1888:3, 400:2, 1299:2, 426:3, 1465:2, 1853:2, 1887:2, 264:2, 332:2, 474:2, 686:3, 840:2, 1467:2, 1506:2, 1716:2, 1721:3, 1883:2	冷 / 名字 / 吐（痰） / 唱 / 嘴，口 / 多 / 好 / 嫩 / 尖 / 年 / 得到 / 提 / 月亮 / 杀（人） / 树 / 洗（衣） / 烟 / 猪 / 百 / 睡觉 / 织（布） / 结（果） / 美 / 脚 / 花生 / 记得 / 过（桥） / 近 / 锋利 / 雪 / 霜 / 风 / 飞
209-4	t	4	⁵⁵	Ø	⁴⁴	⁴²	³³	³⁵	²⁴	³⁵	⁴⁴	⁴⁴	165:2, 586:2, 1892:2, 709:2	劈 / 怕 / 数（钱） / 饭
302-4	t	4	⁵⁵	³⁵	⁴⁴	⁴²	¹¹	³²	²⁴	³⁵	⁴⁴	³³	136:3, 712:2, 883:4, 943:3	六 / 斧子 / 樹枝 / 河
332-4	t	4	⁵⁵	⁵⁵	⁴⁴	⁴²	⁵⁵	⁵⁵	⁵⁵	⁵⁵	²²	³³	467:2, 77:3, 58:2, 728:2	乌鸦 / 云 / 小 / 早晨
105-3	t	3	⁵⁵	⁵⁵	⁴⁴	⁴²	³³	³⁵	³¹	³⁵	⁴⁴	³³	1740:3, 1285:2, 47:3	中午 / 绳子 / 送（客）
242-3	t	3	⁵⁵	⁵⁵	⁴⁴	⁴²	⁵⁵	³⁵	²⁴	⁵⁵	⁴⁴	³³	260:3, 1310:2, 1535:3	嗅 / 老 / 苍蝇 / 苦 / 蛋
380-3	t	3	⁵⁵	⁵⁵	³³	⁴²	⁵⁵	⁵⁵	⁵⁵	⁵⁵	⁴⁴	¹¹	227:2, 710:2, 253:3	呕吐 / 唱 / 斧子
414-3	t	3	⁵⁵	⁵⁵	³¹	²²	⁵⁵	⁴⁴	Ø	³⁵	²²	¹³	1644:2, 1390:3, 206:3	听 / 肺 / 蝴蝶
514-3	t	3	⁵⁵	⁵⁵	³³	⁴²	¹¹	¹³	³³	³¹	²⁴	⁴⁴	675:2, 585:2, 1714:3	怕 / 捡 / 过（桥）
531-3	t	3	⁵⁵	Ø	²⁴	⁴²	³¹	¹³	²⁴	³⁵	²²	²²	454:2, 735:2, 987:3	容易 / 明天 / 浓
266-2	t	2	⁵⁵	³³	⁴³	¹³	⁵⁵	⁴²	³¹	³¹	²⁴	⁴⁴	663:2, 1787:3	捆绑 / 钟
337-2	t	2	⁵⁵	Ø	³¹	⁵⁵	Ø	⁵³	³³	Ø	²⁴	⁵⁵	890:2, 1332:2	歌 / 耕
375-2	t	2	⁵⁵	⁵⁵	²⁴	⁵⁵	¹¹	²¹	³³	³¹	³³	³³	1491:3, 452:2	容易 / 舌
420-2	t	2	⁵⁵	Ø	⁴³	⁴²	³³	⁵⁵	³³	Ø	²⁴	³³	1757:2, 1507:3	花生 / 都
69-10	t	10	⁵³	⁵³	³³	⁴²	¹¹	⁴⁴	³³	³¹	³⁵	¹¹	258:2, 1232:3, 1963:2, 659:2, 764:3, 1584:2, 1271:2, 1123:2, 1044:2, 1119:2	喝 / 挖 / 暗 / 熊 / 痒 / 笑 / 织（布） / 虹 / 鸭子
194-3	t	3	⁵³	³¹	⁵⁵	¹³	⁵⁵	⁴²	⁵⁵	³¹	³³	¹³	465:3, 1869:3, 1669:2	射 / 补 / 青蛙
425-3	t	3	⁵³	⁴²	Ø	²⁴	Ø	²¹	⁵⁵	⁵⁵	¹³	⁵³	901:2, 1056:2, 1670:2	母牛 / 父亲 / 记得
426-3	t	3	⁵³	⁵⁵	¹³	³¹	Ø	¹³	³³	³¹	²¹²	²¹	862:3, 520:2, 1382:2	左边 / 栽 / 肩膀
431-3	t	3	⁵³	⁵⁵	⁵⁵	⁴²	³³	¹³	⁵⁵	⁵⁵	⁴⁴	²²	102:2, 439:2, 451:2	什么 / 孙子 / 容易 / 抬
246-2	t	2	⁵³	³⁵	⁴³	⁴²	⁵⁵	⁴⁴	³³	³¹	³⁵	⁴⁴	1354:2, 304:2	块 / 肚脐
344-2	t	2	⁵³	⁰	³³	⁴²	³³	⁵⁵	³³	⁵⁵	³⁵	¹¹	374:3, 1392:3	女儿 / 肺
357-2	t	2	⁵³	⁴²	²⁴	³¹	Ø	¹³	²⁴	³⁵	²⁴	⁵³	897:3, 340:2	大家 / 母亲
395-2	t	2	⁵³	Ø	¹³	⁴²	⁵⁵	¹³	Ø	³¹	²¹²	⁵³	1968:3, 1183:3	瞎子 / 麻雀
400-2	t	2	⁵³	³¹	³³	Ø	¹¹	²²	⁵⁵	⁵⁵	¹³	⁵⁵	183:3, 1647:4	右边 / 蝴蝶
526-2	t	2	⁵³	⁰	Ø	⁰	Ø	Ø	³³	Ø	²⁴	Ø	627:2, 1812:2	手指 / 昨天 / 石头 / 镰刀
60-1	t	1	⁵³	⁵³	Ø	⁴²	¹¹	Ø	³³	⁵⁵	³⁵	¹¹	1306:2	翅膀
352-4	t	4	⁰	⁰	⁴⁴	Ø	⁵⁵	⁴²	⁰	⁰	⁵³	¹³	9:2, 56:2, 285:3, 1226:2	丈夫 / 下巴 / 中间 / 儿子 / 圆 / 墙 / 天 / 头 / 妻子 / 屁股 / 帽子 / 房子 / 斧子 / 月亮 / 村寨 / 母亲 / 沙子 / 父亲 / 石头 / 竹子 / 耳朵 / 肚子 / 肚脐 / 胃 / 脖子 / 脸 / 舌 / 鼻子 / 鼻涕
368-4	t	4	⁰	⁰	⁴³	⁰	⁵⁵	⁴⁴	⁰	⁰	³³	³³	12:2, 200:2, 1727:2, 61:2	丈夫 / 下巴 / 乌鸦 / 名字 / 嘴，口 / 坏 / 墙 / 好 / 嫩 / 尖 / 尾巴 / 樹枝 / 母牛 / 活 / 湿 / 火 / 灰 / 爪子 / 牙齿 / 硬 / 种子 / 筋 / 红 / 绿 / 翅膀 / 老 / 胃 / 脚 / 腿 / 舌 / 蓝 / 血 / 路 / 蹄 / 软 / 远 / 骨头 / 麻雀 / 黄 / 黑 / （牛）角
377-3	t	3	⁰	³⁵	²⁴	³¹	³¹	Ø	³¹	³¹	¹³	Ø	734:2, 238:2, 143:2	刮 / 咸 / 明天
498-2	t	2	⁰	Ø	Ø	⁰	⁵³	²¹	Ø	Ø	³³	¹³	370:2, 346:2	大家 / 头 / 耳朵 / 鼻涕
62-1	t	1	⁰	¹¹	²¹	³¹	¹¹	¹¹	⁵⁵	⁵⁵	Ø	Ø	1530:3	苍蝇
199-1	t	1	⁰	Ø	⁴⁴	Ø	³³	³⁵	Ø	Ø	⁴⁴	Ø	767:2	月亮
512-4	t	4	Ø	³³	Ø	²²	⁵³	¹³	³¹	³¹	²²	³³	32:2, 112:3, 856:3, 1111:3	下边 / 你 / 树根 / 留
270-3	t	3	Ø	⁰	¹³	⁴²	³³	⁵⁵	²⁴	³⁵	⁵³	³³	1384:3, 1806:2, 1049:2	尖 / 爪子 / 肩膀 / 锋利
331-3	t	3	Ø	⁵³	⁴⁴	²⁴	⁵⁵	Ø	²⁴	³⁵	⁴⁴	³³	787:3, 577:2, 1799:2	快 / 木头 / 松树 / 树 / 锄（革）
397-3	t	3	Ø	³⁵	⁴⁴	²⁴	³³	²²	⁵⁵	³¹	⁴⁴	³³	844:4, 848:2, 860:3	树干 / 树根
485-3	t	3	Ø	⁴⁴	⁵⁵	⁴²	⁵⁵	¹³	Ø	Ø	Ø	²²	1744:2, 278:2, 1258:2	回来 / 累 / 选
509-3	t	3	Ø	³⁵	⁴³	²⁴	⁵⁵	³⁵	⁰	⁰	²²	⁴⁴	1127:2, 1879:2, 1825:3	白 / 难 / 鞋
118-2	t	2	Ø	³³	⁴³	²⁴	Ø	²²	³¹	³¹	²⁴	⁴⁴	1906:3, 1928:2	肝 / 香 / 高
441-2	t	2	Ø	⁴⁴	²¹	Ø	³³	Ø	Ø	Ø	⁵³	Ø	73:3, 2005:2	二十 / 鼻子 / 鼻涕
501-2	t	2	Ø	⁰	Ø	¹³	Ø	²¹	⁰	Ø	³³	⁴⁴	1081:2, 653:2	拖 / 泥巴 / 狗 / 老虎
58-1	t	1	Ø	⁴⁴	¹³	²²	⁵⁵	¹³	²⁴	³⁵	Ø	²²	1170:3	眼睛 / 瞎子
84-1	t	1	Ø	³³	Ø	¹³	³³	Ø	⁵⁵	⁵⁵	³³	¹³	368:3	头
444-1	t	1	Ø	⁰	Ø	³¹	Ø	Ø	Ø	Ø	Ø	³³	54:2	中间
452-1	t	1	Ø	³¹	Ø	Ø	Ø	⁴²	Ø	Ø	Ø	¹¹	384:3	女婿
456-1	t	1	Ø	³⁵	²¹	Ø	Ø	Ø	Ø	³⁵	Ø	Ø	494:2	屁股
460-1	t	1	Ø	⁰	Ø	¹³	Ø	Ø	Ø	Ø	Ø	³³	774:2	朋友
463-1	t	1	Ø	Ø	⁴³	Ø	Ø	Ø	²⁴	³⁵	Ø	Ø	991:3	浮
67-24	t	24	¹¹	¹¹	²¹	³¹	¹¹	¹¹	⁵⁵	⁵⁵	²¹²	²¹	1573:3, 1917:3, 279:2, 1235:3, 67:2, 1311:2, 149:2, 909:2, 1326:3, 485:3, 1324:3, 1602:3, 812:2, 1943:2, 147:2, 626:2, 834:2, 15:3, 486:2, 508:2, 624:2, 665:3, 1236:2, 1951:2	丈夫 / 买 / 刺 / 回来 / 尿 / 山 / 手 / 手指 / 捉 / 来 / 柴 / 母牛 / 火 / 牛 / 等 / 老 / 老鼠 / 薄 / 蚂蟥 / 马 / 鱼 / 鸟窝
121-3	t	3	¹¹	¹¹	²¹	³¹	³³	¹¹	⁵⁵	⁵⁵	²¹²	²¹	1021:2, 1942:3, 1999:2	柴 / 火 / 鱼 / 鼓
492-3	t	3	¹¹	¹¹	⁴⁴	⁴²	³³	⁵³	²⁴	³⁵	⁵³	¹¹	1649:3, 1470:3, 449:2	害羞 / 脸 / 蝴蝶
275-2	t	2	¹¹	⁴⁴	¹³	⁰	Ø	¹³	²⁴	³⁵	⁴⁴	²¹	169:3, 1863:2	卖 / 露水
289-2	t	2	¹¹	⁴⁴	¹³	²²	¹¹	¹¹	²⁴	³⁵	⁵³	²²	1706:3, 1481:2	樹枝 / 腿 / 软
1-48	t	48	³⁵	³⁵	⁴³	²⁴	⁵⁵	³²	³¹	³¹	²⁴	⁴⁴	74:2, 172:2, 18:3, 85:3, 746:3, 1611:3, 1116:4, 1480:2, 1651:3, 391:3, 938:2, 1102:3, 1534:3, 1575:2, 1782:3, 359:2, 378:3, 1619:3, 736:2, 1039:3, 1279:3, 615:4, 1200:3, 1161:3, 1550:2, 1213:3, 1267:3, 2018:3, 2020:2, 1709:2, 1910:2, 434:3, 1012:3, 1215:2, 1348:2, 1440:2, 1549:2, 1618:4, 331:3, 651:2, 1092:2, 1094:2, 1194:2, 1366:4, 1569:3, 1628:2, 1726:2, 1990:2	三 / 二 / 二十 / 五 / 儿子 / 厚 / 多 / 太阳 / 女儿 / 女婿 / 奶汁 / 孙子 / 扁 / 拖 / 明天 / 星星 / 沙子 / 湿 / 热 / 猴子 / 甜 / 病 / 眉毛 / 石头 / 砖 / 种子 / 红 / 给 / 绿 / 肚子 / 肝 / 脑髓 / 腿 / 苍蝇 / 苦 / 药 / 蓝 / 蘑菇 / 虱子 / 虹 / 蚂蚁 / 蚂蟥 / 蚯蚓 / 蛇 / 蜘蛛 / 蜜蜂 / 蝴蝶 / 轻 / 远 / 针 / 香 / 黑 / （牛）角
43-11	t	11	³⁵	³⁵	⁴³	²⁴	⁵⁵	²²	³¹	³¹	²⁴	⁴⁴	362:3, 337:3, 702:2, 714:3, 1763:2, 1711:2, 1927:3, 1399:2, 1437:2, 1846:2, 868:2	大 / 天 / 太阳 / 收（玉米） / 新 / 桥 / 胃 / 脑髓 / 轻 / 酸 / 雷 / 高
479-5	t	5	³⁵	³⁵	¹³	²²	³³	⁴⁴	²⁴	³¹	²²	⁴⁴	814:3, 1776:4, 1518:2, 1700:2, 1798:3	松树 / 芽 / 蹄 / 里边 / 锄（革）
490-5	t	5	³⁵	⁰	⁴⁴	⁰	³³	⁵⁵	⁰	⁰	³⁵	³³	298:2, 1856:2, 1132:2, 1381:2, 1841:2	坏 / 树根 / 皮 / 皮肤 / 肩膀 / 门 / 雪 / 霜
522-5	t	5	³⁵	³⁵	²¹	⁰	³³	Ø	⁰	⁰	³⁵	⁵³	392:2, 621:2, 303:3, 963:2, 1519:2	块 / 奶汁 / 手 / 活 / 芽
238-4	t	4	³⁵	³⁵	⁵⁵	¹³	³³	⁴²	⁵⁵	⁵⁵	³³	¹³	107:4, 1136:2, 1750:2, 1531:2	今天 / 皮 / 皮肤 / 苍蝇 / 那
295-3	t	3	³⁵	³⁵	⁵⁵	²⁴	¹¹	¹¹	⁵⁵	⁵⁵	³³	³³	936:3, 216:2, 397:2	告诉 / 奶汁 / 沙子
408-3	t	3	³⁵	³⁵	³¹	²⁴	³⁵	⁵³	²⁴	³¹	²⁴	⁴⁴	45:3, 1154:3, 351:3	中午 / 天 / 直
510-3	t	3	³⁵	³³	⁴⁴	⁴²	¹¹	Ø	⁵⁵	⁵⁵	²⁴	¹¹	1426:3, 1638:2, 1671:2	脏 / 蜜蜂 / 记得
515-3	t	3	³⁵	³¹	⁴⁴	³¹	³³	³⁵	²⁴	⁵⁵	²⁴	³³	1033:3, 184:3, 1693:2	右边 / 左边 / 烟 / 蹄
47-2	t	2	³⁵	³⁵	⁴³	²⁴	⁵⁵	³²	⁰	³¹	²⁴	⁴⁴	997:2, 1959:2	深 / 鸡
110-2	t	2	³⁵	⁵⁵	⁴³	²⁴	⁵⁵	³²	³¹	³¹	²⁴	⁴⁴	53:4, 375:2	中间 / 女儿
135-2	t	2	³⁵	³⁵	⁵⁴	²⁴	⁵⁵	³²	³¹	³¹	³³	⁴⁴	910:4, 274:3	四 / 母牛 / 水
186-2	t	2	³⁵	⁵⁵	³¹	³¹	Ø	¹¹	³¹	³¹	²²	⁵⁵	341:3, 310:3	墙 / 大家
229-2	t	2	³⁵	Ø	⁴³	²⁴	⁵⁵	³²	⁵⁵	³⁵	²⁴	⁴⁴	1:2, 1209:3	一 / 硬
254-2	t	2	³⁵	³³	³¹	Ø	Ø	⁵³	Ø	Ø	²²	⁵⁵	1920:2, 990:3	浮 / 骑
272-2	t	2	³⁵	³¹	Ø	³¹	³¹	²²	⁵⁵	⁵⁵	Ø	²¹	881:3, 284:4	圆 / 樹枝
364-2	t	2	³⁵	³⁵	²⁴	²⁴	Ø	³²	³¹	⁰	²⁴	⁴⁴	1882:3, 1103:2	口水 / 尿 / 水 / 汗 / 甜 / 露水 / 风
15-1	t	1	³⁵	³⁵	¹³	²⁴	³¹	²³²	³¹	⁵⁵	²¹²	²¹	754:3	昨天
139-1	t	1	³⁵	Ø	⁵⁵	²⁴	Ø	Ø	Ø	³¹	²⁴	⁴⁴	43:4	中午
147-1	t	1	³⁵	⁰	Ø	³¹	⁵⁵	³²	Ø	Ø	Ø	⁴⁴	1592:2	蚂蚁 / 蚯蚓
22-24	t	24	³¹³	³¹	⁵⁵	¹³	⁵⁵	⁴²	⁵⁵	⁵⁵	³³	¹³	959:2, 1724:4, 1017:3, 725:2, 1580:3, 1667:2, 1690:2, 605:3, 707:2, 1025:2, 405:2, 1689:2, 280:4, 567:3, 1059:2, 1146:2, 417:2, 602:3, 1082:2, 1135:2, 1149:2, 1248:2, 1319:2, 1770:2	回来 / 妻子 / 姜 / 心脏 / 我 / 房子 / 数（钱） / 早 / 早晨 / 洗（碗） / 满 / 灰 / 父亲 / 狗 / 皮 / 盐 / 箭 / 老虎 / 虱子 / 补 / 路 / 这 / 醉
75-5	t	5	³¹³	³¹	⁵⁵	¹³	⁵⁵	²³²	⁵⁵	⁵⁵	³³	¹³	215:3, 1221:2, 1652:3, 556:3, 1037:2	听见 / 弓 / 热 / 站 / 血
101-4	t	4	³¹³	³¹	⁴⁴	¹³	³³	²³²	⁵⁵	⁵⁵	³³	¹³	1925:3, 1061:3, 1238:2, 1781:3	牙齿 / 筋 / 重 / 骨头
519-4	t	4	³¹³	³¹	⁴³	⁰	⁵⁵	⁴²	⁰	⁰	²⁴	⁴⁴	127:2, 185:3, 522:3, 479:2	儿子 / 右边 / 尾巴 / 左边
114-3	t	3	³¹³	³¹	⁴⁴	¹³	⁵⁵	⁴²	⁵⁵	⁵⁵	³³	¹³	1189:3, 1487:3, 1141:2	皮肤 / 短 / 舂
343-3	t	3	³¹³	³¹	³³	²⁴	³³	²²	³³	³¹	²⁴	⁴⁴	1000:2, 1274:2, 1540:2	渴 / 织（布） / 草
23-2	t	2	³¹³	³¹	⁵⁵	¹³	⁵⁵	⁴²	⁰	⁵⁵	³³	¹³	1818:2, 1374:2	屎 / 肠子 / 长
129-2	t	2	³¹³	³¹	⁴³	¹³	⁵⁵	⁴²	⁵⁵	⁵⁵	²⁴	¹³	492:3, 1121:2	屁股 / 痒
165-2	t	2	³¹³	¹¹	⁵⁵	¹³	¹¹	⁵⁵	⁵⁵	⁵⁵	³³	¹³	481:2, 1453:3	尾巴 / 脖子
190-2	t	2	³¹³	³⁵	⁴³	²⁴	³³	⁴²	³¹	³¹	²⁴	⁴⁴	1612:3, 97:3	什么 / 蚊子 / 蚯蚓
211-2	t	2	³¹³	¹¹	⁵⁵	³¹	⁵⁵	⁴²	⁰	⁰	³³	⁴⁴	1163:2, 1636:3	手指 / 眉毛 / 蜜蜂
305-2	t	2	³¹³	³¹	⁴⁴	⁴²	³³	³⁵	⁰	⁰	³³	Ø	83:2, 1880:2	云 / 灰 / 烟 / 瞎子 / 老鼠 / 脓 / 衣 / 门 / 霜 / 鞋 / 鸭子
350-2	t	2	³¹³	³⁵	⁵⁵	²⁴	³³	⁴²	⁵⁵	⁵⁵	³³	²²	1606:4, 1609:2	蚊子
373-2	t	2	³¹³	³⁵	²¹	¹³	¹¹	⁴²	⁵⁵	⁵⁵	⁵³	¹³	628:3, 825:3	手指 / 松树 / 果子
406-2	t	2	³¹³	³¹	Ø	³¹	Ø	³²³	⁵⁵	Ø	³⁵	Ø	433:3, 1373:3	孙子 / 肠子
469-1	t	1	³¹³	¹¹	Ø	²⁴	Ø	Ø	Ø	Ø	Ø	Ø	1380:2	肩膀
4-9	t	9	³¹	⁴²	²⁴	⁵⁵	³¹	²¹	³³	³¹	¹³	⁵³	72:2, 135:2, 1166:3, 167:2, 228:2, 1712:3, 1218:2, 1004:2, 1219:2	二十 / 八 / 十 / 咬 / 游 / 看见 / 窄 / 辣
299-8	t	8	³¹	⁴⁴	¹³	²²	³¹	⁵⁵	²⁴	³⁵	⁵³	²²	471:2, 1418:3, 1054:2, 1110:2, 1410:3, 1450:2, 1624:3, 1769:2	少 / 爪子 / 留 / 胖 / 胡须 / 脓 / 蛋 / 醉
99-5	t	5	³¹	⁴⁴	¹³	²²	³¹	¹³	²⁴	³⁵	⁵³	²²	896:2, 123:3, 985:3, 463:3, 1409:3	偷 / 对 / 死 / 浓 / 胖
70-3	t	3	³¹	⁵⁵	¹³	²²	⁵³	¹³	²⁴	³⁵	⁵³	²²	1947:3, 1448:2, 2012:3	脓 / 鸟 / 鸟窝 / 鼻涕
7-2	t	2	³¹	⁴⁴	¹³	²²	¹¹	¹³	²⁴	³⁵	⁵³	⁵⁵	1160:3, 1629:3	眉毛 / 蜘蛛
185-2	t	2	³¹	⁵⁵	³¹	³¹	³¹	⁵³	Ø	³¹	²²	³³	119:3, 71:2	二十 / 你们
232-2	t	2	³¹	⁴⁴	¹³	⁵⁵	⁵³	Ø	²⁴	³⁵	⁵³	²²	1168:2, 905:3	母牛 / 眼睛
243-2	t	2	³¹	⁴⁴	⁴⁴	²²	⁵³	¹³	²⁴	³⁵	⁵³	²²	5:3, 1861:2	七 / 露水
267-2	t	2	³¹	⁴²	²⁴	⁵⁵	⁵³	²¹	⁵⁵	⁵⁵	¹³	⁴⁴	1508:2, 40:2	下边 / 花生 / 豆 / 里边
283-2	t	2	³¹	⁴⁴	¹³	²²	⁵³	¹³	²⁴	⁵⁵	²²	²²	245:2, 1408:4	哪里 / 胖
392-2	t	2	³¹	³³	³¹	²²	⁵³	¹³	⁵⁵	⁵⁵	Ø	²²	2003:3, 1510:2	花生 / 鼻子
523-2	t	2	³¹	Ø	²⁴	⁴²	³³	Ø	Ø	Ø	Ø	²²	240:2, 531:2	咸 / 帽子
38-1	t	1	³¹	⁵⁵	¹³	²²	⁵³	¹³¹	Ø	³⁵	⁵³	²²	1837:3	雨
50-1	t	1	³¹	⁴²	¹³	⁵⁵	Ø	³²	³³	⁵⁵	Ø	⁵³	21:2	下巴
201-1	t	1	³¹	Ø	Ø	³¹	Ø	Ø	³¹	³¹	Ø	⁴⁴	802:3	村寨
126-17	t	17	³³	³³	³¹	⁵⁵	³¹	⁵³	³¹	³¹	²²	⁵⁵	193:3, 1501:3, 1583:3, 65:2, 177:3, 1155:3, 1338:2, 349:4, 444:3, 547:3, 1496:3, 64:2, 210:3, 538:4, 965:3, 1497:3, 1823:3	九 / 口水 / 吃 / 听 / 天 / 害羞 / 平 / 床 / 活 / 直 / 耳朵 / 船 / 花 / 虹 / 门
168-6	t	6	³³	³³	³¹	⁵⁵	³⁵	⁵³	³¹	³¹	²²	⁵⁵	811:2, 1133:2, 1820:4, 954:2, 1336:3, 1559:2	来 / 泥巴 / 牛 / 皮 / 耳朵 / 蒜 / 门 / （牛）角
480-4	t	4	³³	⁴⁴	³¹	¹³	¹¹	¹³	⁵⁵	³¹	²²	⁵⁵	153:2, 325:3, 867:2, 312:2	前面 / 墙 / 外边 / 桥
346-2	t	2	³³	³³	¹³	³¹	⁵⁵	¹³	³³	³⁵	²²	⁵⁵	854:3, 1813:4	树干 / 树根 / 镰刀
348-2	t	2	³³	³³	³¹	⁵⁵	⁵³	⁵³	³¹	³¹	⁴⁴	⁵⁵	902:2, 546:3	年 / 母牛
353-2	t	2	³³	³¹	⁴³	²⁴	Ø	²³²	³¹	³¹	²⁴	¹¹	106:3, 1356:2	今天 / 肚脐
390-2	t	2	³³	¹¹	Ø	²²	³¹	²¹	³³	⁵⁵	³³	²¹	1595:4, 772:3	朋友 / 蚂蚁
445-1	t	1	³³	Ø	³¹	Ø	Ø	²²	Ø	Ø	Ø	Ø	175:2	口水
517-3	n	3	ə	ei	au	o	au	o	ə	ə	ɔ	eu	200:1, 867:1, 1319:1	名字 / 坏 / 好 / 嫩 / 尖 / 桥 / 樹枝 / 母牛 / 活 / 湿 / 爪子 / 牙齿 / 硬 / 种子 / 筋 / 红 / 绿 / 老 / 老虎 / 脚 / 蓝 / 血 / 路 / 蹄 / 软 / 黄 / 黑 / （牛）角
374-2	n	2	ə	o	e	e	i	æ	əu	e	ei	ue	734:1, 1856:1	明天 / 霜
341-3	n	3	Ø	ɔ	u	õ	y	o	u	u	Ø	ua	1384:1, 439:1, 1440:1	孙子 / 抬 / 肩膀 / 脑髓
507-3	n	3	Ø	a	o	ə	u	o	i	u	ei	ei	127:1, 47:1, 1382:1	中午 / 儿子 / 肩膀
521-3	n	3	Ø	u	Ø	ẽ	e	e	i	Ø	e	ɔ	1813:2, 177:1, 1332:1	口水 / 耕 / 镰刀
187-2	n	2	Ø	ei	ua	ə̃	a	a	a	a	i	ẽ	1706:2, 1550:1	药 / 软
236-2	n	2	Ø	a	a	ã	i	a	a	ɑ	a	a	1906:1, 1226:1	竹子 / 脖子 / 香
404-2	n	2	Ø	o	ɔ	u	u	əu	a	u	eu	a	1647:2, 1757:1	蝴蝶 / 都
417-2	n	2	Ø	Ø	o	ə	ey	ɯ	ə	ə	ɔ	u	1127:1, 147:1	刺 / 白
435-2	n	2	Ø	o	ua	ɛ	u	Ø	Ø	u	ei	ei	707:1, 1799:1	数（钱） / 锄（革）
527-2	n	2	Ø	o	i	Ø	Ø	i	Ø	Ø	o	eu	812:1, 1183:2	来 / 瞎子
153-1	n	1	Ø	Ø	i	i	ɿ	u	e	æ	Ø	Ø	1649:2	蝴蝶
154-1	n	1	Ø	Ø	i	i	ʅ	ei	e	e	Ø	Ø	1711:1	轻
156-1	n	1	Ø	Ø	ua	a	a	Ø	Ø	i	i	i	1884:1	风
318-1	n	1	Ø	Ø	Ø	Ø	Ø	Ø	əu	u	ɔ	ɔ	1274:1	织（布）
324-1	n	1	Ø	u	Ø	Ø	i	Ø	a	Ø	Ø	æ	1609:1	蚊子
446-1	n	1	Ø	e	Ø	ə	Ø	Ø	a	Ø	Ø	Ø	185:2	右边
455-1	n	1	Ø	ɔ	u	Ø	Ø	Ø	Ø	ɑ	Ø	Ø	494:1	屁股
458-1	n	1	Ø	Ø	Ø	e	Ø	Ø	ei	ei	Ø	Ø	728:1	早晨
461-1	n	1	Ø	Ø	Ø	ə̃	aɯ	Ø	i	Ø	Ø	Ø	848:1	树干
464-1	n	1	Ø	Ø	ua	ã	a	Ø	Ø	Ø	Ø	Ø	1004:1	游
467-1	n	1	Ø	Ø	Ø	u	Ø	Ø	ɛ	a	Ø	Ø	1326:2	老鼠
478-1	n	1	Ø	Ø	eu	ə̃	u	Ø	Ø	Ø	Ø	Ø	1990:1	黑
439-2	n	2	ua	Ø	Ø	a	a	ə	ei	ei	Ø	ua	1602:2, 1506:1	花生 / 蚂蟥
10-1	n	1	ua	ua	au	a	a	ɔ	u	u	ɔ	ɔ	74:1	二 / 二十
45-7	n	7	u	u	ɔ	ə	au	u	o	o	eu	u	72:1, 136:2, 167:1, 1763:1, 1508:1, 1123:1, 1841:1	二十 / 六 / 十 / 痒 / 花生 / 豆 / 酸 / 雪
219-7	n	7	u	e	a	ã	aɯ	a	u	o	u	u	53:2, 43:2, 1032:1, 325:1, 856:1, 991:1, 1823:1	中午 / 中间 / 外边 / 树根 / 浮 / 烟 / 门
44-5	n	5	u	o	a	ã	aɯ	a	u	o	u	u	1925:1, 1740:1, 854:1, 1583:1, 547:1	床 / 树干 / 树根 / 虹 / 送（客） / 骨头
257-5	n	5	u	o	o	õ	au	ə	o	o	eu	eu	1947:1, 400:1, 1299:1, 1215:1, 840:1	好 / 树 / 种子 / 美 / 鸟 / 鸟窝
370-5	n	5	u	o	au	õ	o	ɔ	əu	u	a	a	215:1, 1236:1, 1410:2, 1408:2, 1497:1	听见 / 等 / 胖 / 船
175-4	n	4	u	a	o	õ	au	a	u	o	eu	u	1606:2, 1782:1, 1820:2, 331:1	多 / 蚊子 / 针 / 门
256-3	n	3	u	u	ɔ	ɯ	au	u	Ø	o	e	u	467:1, 452:1, 112:1	你 / 容易 / 小
294-3	n	3	u	u	ɔ	a	au	ɔ	u	u	ue	e	562:2, 332:1, 1119:1	多 / 得到 / 痒
298-3	n	3	u	o	au	ə̃	Ø	Ø	a	ɑ	ei	ei	45:1, 1470:1, 1943:1	中午 / 脸 / 鱼
491-3	n	3	u	u	ɔ	ə	y	u	o	ø	ɔ	eu	764:2, 1861:1, 1812:1	暗 / 镰刀 / 露水
520-3	n	3	u	Ø	a	ã	e	ɔ	Ø	Ø	e	æ	1154:1, 1094:1, 1535:2	猴子 / 直 / 苍蝇 / 苦
193-2	n	2	u	o	a	ã	aɯ	ə	u	o	u	u	1837:1, 15:1	丈夫 / 雨
224-2	n	2	u	a	o	ã	Ø	a	a	e	u	Ø	1453:1, 544:1	年 / 脖子
284-2	n	2	u	u	o	ə	o	u	əu	u	o	eɯ	279:1, 651:1	回来 / 拖
304-2	n	2	u	o	o	õ	Ø	ə	u	o	i	u	77:1, 1213:1	云 / 种子
306-2	n	2	u	o	i	ẽ	o	o	Ø	ɑ	e	u	1968:1, 1787:1	钟 / 麻雀
345-2	n	2	u	o	a	i	i	æ	u	o	e	ɔ	814:1, 615:2	扁 / 松树
384-2	n	2	u	u	e	ɛ	Ø	æ	ei	i	ɛ	oi	198:1, 626:1	名字 / 手 / 手指
385-2	n	2	u	a	eu	ə̃	ey	ə	o	o	Ø	u	675:1, 772:1	捡 / 朋友
387-2	n	2	u	o	au	i	Ø	o	e	e	i	i	862:1, 426:1	嫩 / 栽
436-2	n	2	u	Ø	ɔ	õ	Ø	o	o	o	Ø	o	802:1, 175:1	口水 / 村寨
35-1	n	1	u	u	Ø	ã	aɯ	a	ua	o	u	u	1611:1	蚯蚓
143-1	n	1	u	Ø	e	Ø	a	Ø	ei	i	Ø	ue	153:1	前面
321-1	n	1	u	Ø	Ø	Ø	Ø	o	u	o	Ø	Ø	1496:1	船
159-6	n	6	o	o	o	ə	o	o	ə	u	ɔ	eɯ	337:2, 997:1, 1037:1, 1846:1, 64:1, 216:1	九 / 告诉 / 大 / 深 / 热 / 雷
250-5	n	5	o	o	e	ɛ	o	æ	ai	i	ei	i	1310:1, 1690:1, 1720:1, 1853:1, 1194:1	石头 / 老 / 蛋 / 路 / 近 / 霜
261-5	n	5	o	o	ua	ɛ	ə	æ	ei	i	a	i	938:1, 1805:1, 1806:1, 1146:1, 405:1	妻子 / 尖 / 沙子 / 盐 / 石头 / 锋利
301-5	n	5	o	o	e	ɛ	ə	æ	i	i	ɛ	oi	18:2, 1336:2, 1149:1, 1689:1, 1721:2	三 / 盐 / 耳朵 / 路 / 近
248-4	n	4	o	Ø	ua	u	a	a	a	ɑ	ɔ	a	961:1, 65:1, 1092:1, 1569:2	九 / 洗（衣） / 猴子 / 绿 / 蓝
300-4	n	4	o	o	au	õ	o	o	u	o	a	a	465:1, 280:2, 463:1, 1409:1	回来 / 对 / 射 / 胖
339-4	n	4	o	Ø	e	ɛ	i	æ	ə	ə	ei	i	1575:1, 621:1, 1727:1, 56:1	中间 / 手 / 蘑菇 / 远
381-4	n	4	o	a	ɔ	o	Ø	ɔ	əu	əu	o	a	890:1, 274:2, 1161:2, 963:1	四 / 歌 / 活 / 眉毛
422-4	n	4	o	u	e	ɛ	ə	e	i	i	Ø	ei	1942:2, 210:2, 508:1, 1951:1	听 / 山 / 鱼 / 鸟窝
468-4	n	4	o	o	au	o	o	Ø	əu	ɿ	ei	e	1338:1, 278:1, 1121:1, 1540:1	回来 / 痒 / 耳朵 / 草
214-3	n	3	o	o	e	ɛ	i	æ	ə	i	ɛ	ue	1818:1, 1082:1, 1726:1	狗 / 远 / 长
274-2	n	2	o	o	u	ɯ	Ø	a	a	ɑ	Ø	a	1487:1, 774:1	朋友 / 舂
285-2	n	2	o	o	o	ɯ	o	o	əu	u	ɔ	eɯ	725:1, 1380:1	早 / 早晨 / 肩膀
354-2	n	2	o	u	o	Ø	o	i	əu	u	eu	a	202:2, 1111:2	吐（痰） / 留
432-2	n	2	o	ɔ	Ø	Ø	aɯ	Ø	ɛ	ə	y	æ̃	40:1, 2005:1	下边 / 里边 / 鼻子 / 鼻涕
434-2	n	2	o	u	e	ɛ	Ø	æ	e	Ø	Ø	ei	605:2, 184:2	右边 / 左边 / 房子
296-5	n	5	i	o	ɔ	o	au	o	u	u	o	ɔ	368:1, 1448:1, 1348:1, 1519:1, 1769:1	头 / 肚子 / 脓 / 芽 / 醉
367-4	n	4	i	ei	ai	e	ai	e	e	e	eu	e	21:1, 546:1, 586:1, 1044:1	下巴 / 年 / 怕 / 熊
262-3	n	3	i	i	a	ẽ	o	æ	e	i	a	e	1534:1, 1888:1, 1928:1	肝 / 苍蝇 / 苦 / 飞 / 高
365-3	n	3	i	Ø	i	e	o	i	i	e	i	e	260:1, 304:1, 397:1	嗅 / 块 / 奶汁
399-3	n	3	i	i	o	õ	Ø	ɔ	a	ɑ	i	e	254:1, 451:1, 1892:1	唱 / 容易 / 织（布） / 饭
430-3	n	3	i	ei	ɔ	a	au	ɔ	o	Ø	o	ɔ	710:1, 1880:1, 384:2	女婿 / 斧子 / 鞋
111-2	n	2	i	i	i	a	i	i	a	ɑ	a	a	135:1, 1059:1	八 / 父亲
230-2	n	2	i	au	i	o	ɿ	ə	u	o	Ø	e	341:1, 1669:1	大家 / 补
234-2	n	2	i	i	a	õ	Ø	ua	i	i	a	æ̃	1651:1, 1883:1	苍蝇 / 虱子 / 蚂蚁 / 蚂蟥 / 蜘蛛 / 蜜蜂 / 蝴蝶 / 风
265-2	n	2	i	i	u	ɯ	aɯ	ɔ	y	u	ue	ua	481:1, 1238:1	尾巴 / 筋
278-2	n	2	i	Ø	i	ɛ	i	i	i	e	i	e	1061:1, 1750:1	牙齿 / 那
281-2	n	2	i	a	i	i	i	ei	i	ə	i	i	1:1, 1381:1	一 / 肩膀
290-2	n	2	i	i	ai	e	ai	e	e	æ	ei	i	1491:2, 1920:1	舌 / 骑
389-2	n	2	i	i	Ø	a	au	ɔ	y	ø	e	ɔ	1595:2, 1399:1	胃 / 蚂蚁
222-8	n	8	eu	au	eu	ə	ey	ə	o	o	o	o	1221:1, 659:1, 1135:1, 1141:1, 567:2, 834:1, 1465:1, 1770:1	心脏 / 挖 / 柴 / 火 / 皮 / 皮肤 / 站 / 脚 / 醉
249-4	n	4	eu	eu	eu	ə	ey	u	o	o	o	o	471:1, 1136:1, 240:1, 1467:1	咸 / 少 / 皮 / 皮肤 / 脚
276-2	n	2	eu	au	u	ɯ	y	əu	y	ɑ	Ø	u	702:1, 1392:2	收（玉米） / 肺
363-2	n	2	eu	eu	ua	õ	o	Ø	ei	ei	a	æ̃	1869:1, 1624:2	蛋 / 青蛙
220-3	n	3	ei	ei	u	ɯ	y	u	u	u	ue	æ	1175:2, 1450:1, 1709:1	睡觉 / 脓 / 轻
410-3	n	3	ei	a	o	ĩ	au	a	o	e	eu	a	844:2, 520:1, 860:2	左边 / 树干 / 树根
482-3	n	3	ei	ei	i	Ø	i	a	i	ei	e	e	183:1, 392:1, 1638:1	右边 / 奶汁 / 蜜蜂
508-3	n	3	ei	e	e	ĩ	ɯ	e	Ø	ə	ɛ	æ	556:1, 1879:1, 1481:1	弓 / 樹枝 / 腿 / 鞋
516-3	n	3	ei	ei	ɔ	ẽ	i	ei	u	ɛ	u	a	1644:1, 1670:1, 1700:1	蝴蝶 / 记得 / 蹄
174-2	n	2	ei	ei	Ø	i	Ø	ei	i	e	y	ei	1275:2, 825:2	松树 / 果子 / 结（果）
189-2	n	2	ei	ai	a	õ	i	ua	i	i	a	æ̃	1612:1, 1628:1	蚊子 / 蚯蚓 / 蜘蛛
191-2	n	2	ei	i	ua	a	aɯ	ə	a	e	ɛ	i	1629:2, 653:1	拖 / 蜘蛛
233-2	n	2	ei	ai	a	õ	Ø	ua	e	e	a	æ̃	1501:1, 686:1	提 / 花
277-2	n	2	ei	ai	ua	u	a	a	a	ɑ	a	Ø	811:1, 238:1	咸 / 来
286-2	n	2	ei	ei	e	a	ɯ	a	ei	u	ɛ	o	1000:1, 1356:1	渴 / 肚脐
359-2	n	2	ei	ai	a	õ	ɯ	u	o	o	a	Ø	1102:1, 346:1	大家 / 甜
388-2	n	2	ei	a	i	u	i	ua	a	ɑ	Ø	æ̃	1592:1, 454:1	容易 / 蚂蚁 / 蚯蚓
433-2	n	2	ei	i	ai	i	Ø	o	e	Ø	a	Ø	577:1, 1798:2	快 / 锄（革）
499-2	n	2	ei	ai	Ø	Ø	Ø	əu	Ø	ə	ei	a	479:1, 1910:1	尾巴 / 香
176-7	n	7	e	ei	o	ə̃	u	o	a	ɑ	ei	ei	362:1, 106:1, 359:1, 1012:1, 351:1, 602:1, 1248:1	今天 / 天 / 太阳 / 我 / 湿 / 箭
327-6	n	6	e	e	a	ẽ	aɯ	æ	e	e	e	e	714:1, 1267:1, 1927:1, 1507:1, 1618:2, 1219:1	新 / 窄 / 红 / 花生 / 蛇 / 高
20-5	n	5	e	ei	ua	a	a	a	i	i	ɛ	æ	172:1, 1131:2, 1087:1, 1285:1, 868:1	厚 / 桥 / 猪 / 百 / 绳子
133-3	n	3	e	ei	ua	u	a	ə	a	ɑ	a	a	896:1, 1999:1, 143:1	刮 / 死 / 鼓
369-3	n	3	e	a	Ø	e	i	e	e	e	a	e	374:2, 735:1, 585:1	女儿 / 怕 / 明天
383-3	n	3	e	e	a	ã	Ø	a	ei	e	a	ẽ	1619:1, 1324:1, 474:1	尖 / 老鼠 / 蛇
77-2	n	2	e	ei	ua	ə̃	y	o	a	ɑ	Ø	e	1170:1, 169:1	卖 / 眼睛 / 瞎子
127-2	n	2	e	ei	a	ã	a	a	a	o	e	a	107:2, 61:1	乌鸦 / 今天
192-2	n	2	e	o	a	ã	i	a	a	o	e	a	1724:2, 54:1	中间 / 这
235-2	n	2	e	e	i	a	ɯ	ɪ	a	a	Ø	a	1712:2, 538:2	平 / 辣
237-2	n	2	e	Ø	ua	u	a	əu	a	ɑ	eu	e	67:1, 227:1	买 / 呕吐
244-2	n	2	e	ei	ua	ɛ	a	ə	a	a	i	e	1168:1, 1510:1	眼睛 / 花生
288-2	n	2	e	ei	a	a	i	ɪ	a	ɑ	a	a	1306:1, 1103:1	甜 / 翅膀
349-2	n	2	e	e	i	ɯ	au	i	ə	ə	a	ei	1163:1, 433:1	孙子 / 手指 / 眉毛
361-2	n	2	e	e	Ø	ɯ	ɯ	o	u	o	a	a	1235:1, 312:1	墙 / 等
391-2	n	2	e	i	a	õ	Ø	ua	e	e	a	ẽ	1652:1, 444:1	害羞 / 血
14-1	n	1	e	ei	a	ə̃	aɯ	o	a	i	e	a	754:1	昨天
16-1	n	1	e	ei	ua	ə̃	a	o	a	ɑ	i	i	1160:1	眉毛
32-1	n	1	e	Ø	ua	a	a	a	i	i	e	æ	959:1	洗（碗）
39-1	n	1	e	ei	e	ĩ	Ø	e	a	ɑ	a	a	1917:1	马
61-1	n	1	e	ei	ua	a	Ø	Ø	i	e	ɛ	æ	1480:1	腿
198-1	n	1	e	i	Ø	Ø	Ø	Ø	ɛ	æ	Ø	a	485:2	尿
326-1	n	1	e	ei	Ø	õ	Ø	ua	Ø	Ø	Ø	Ø	1887:1	飞
180-3	n	3	au	ɔ	ɔ	ə	au	ɯ	o	o	eu	eu	258:1, 1584:1, 709:1	喝 / 数（钱） / 虹
393-3	n	3	au	i	au	o	au	Ø	y	u	Ø	ɔ	712:1, 1025:1, 531:1	帽子 / 斧子 / 灰
486-3	n	3	au	au	u	ə	a	əu	a	ə	o	ɔ	83:1, 1437:1, 1693:1	云 / 灰 / 烟 / 瞎子 / 老鼠 / 脑髓 / 脓 / 衣 / 蹄 / 门 / 霜 / 鸭子
245-2	n	2	au	u	ai	ə	ai	ə	o	o	o	ei	1354:1, 1744:1	肚脐 / 选
287-2	n	2	au	au	eu	ə	ey	ɯ	o	e	o	o	1021:1, 1209:1	柴 / 火 / 硬
335-2	n	2	au	ɔ	Ø	ɯ	y	Ø	u	y	au	a	2003:2, 1390:2	肺 / 鼻子
376-2	n	2	au	a	o	ə	o	o	o	o	i	a	1672:1, 298:1	坏 / 树根 / 皮肤 / 记得 / 门
386-2	n	2	au	a	o	ə	u	Ø	u	o	eu	eu	787:1, 1132:1	木头 / 松树 / 树 / 皮
396-2	n	2	au	Ø	Ø	ə	y	ua	u	y	ɛ	a	2012:2, 449:1	害羞 / 鼻涕
500-2	n	2	au	a	ɔ	a	Ø	Ø	o	Ø	a	Ø	1081:1, 1671:1	泥巴 / 狗 / 老虎 / 记得
505-2	n	2	au	o	Ø	ə	Ø	Ø	o	o	au	Ø	1863:1, 990:1	浮 / 露水
255-3	n	3	ai	e	Ø	ɛ	Ø	i	e	e	e	e	897:1, 901:1, 905:1	母亲 / 母牛
123-2	n	2	ai	Ø	ai	e	ai	e	ɛ	e	a	æ	663:1, 1218:1	捆绑 / 窄
502-2	n	2	ai	Ø	ua	ẽ	ua	æ	Ø	Ø	eu	Ø	1200:1, 340:1	大家 / 砖
65-1	n	1	ai	e	ai	e	ai	Ø	o	Ø	a	æ	1959:1	鸡
247-11	n	11	a	a	a	u	aɯ	a	a	ɑ	a	a	492:1, 349:2, 1056:1, 1039:1, 1279:1, 253:1, 310:1, 1549:1, 943:1, 1518:1, 1716:1	唱 / 墙 / 天 / 屁股 / 河 / 热 / 父亲 / 给 / 芽 / 药 / 过（桥）
293-8	n	8	a	a	o	ə	o	o	u	u	e	u	1166:1, 1033:1, 1271:1, 149:1, 909:1, 284:2, 285:1, 627:1	刺 / 圆 / 手指 / 昨天 / 母牛 / 烟 / 牛 / 看见 / 石头 / 织（布）
66-5	n	5	a	a	o	ə̃	u	o	a	ɑ	ei	ei	1189:1, 746:1, 1580:1, 375:1, 434:1	女儿 / 女婿 / 孙子 / 星星 / 短 / 虱子
74-5	n	5	a	a	o	ə̃	u	o	a	ɑ	i	ei	1017:1, 1840:1, 378:1, 2018:1, 1714:2	儿子 / 女儿 / 满 / 过（桥） / 雪 / （牛）角
188-4	n	4	a	a	au	õ	au	ɔ	u	o	e	u	193:1, 138:1, 1776:2, 206:2	冷 / 吃 / 听 / 里边
330-4	n	4	a	a	a	ã	i	a	u	o	u	u	5:1, 1781:1, 71:1, 1258:1	七 / 二十 / 累 / 重
366-4	n	4	a	a	i	a	ɯ	ɿ	a	a	ɔ	a	85:2, 264:1, 486:1, 1559:1	五 / 嘴，口 / 尿 / 蒜
210-3	n	3	a	a	ua	ə	Ø	a	o	o	a	a	12:1, 797:1, 370:1	丈夫 / 下巴 / 嘴，口 / 墙 / 头 / 尾巴 / 杀（人） / 樹枝 / 火 / 灰 / 翅膀 / 耳朵 / 胃 / 腿 / 舌 / 骨头 / 麻雀 / 鼻涕
225-3	n	3	a	e	ua	a	a	a	a	ɑ	a	æ	165:1, 954:1, 97:1	什么 / 劈 / 泥巴
226-3	n	3	a	a	o	õ	au	a	u	o	ɔ	eu	910:2, 883:2, 1298:1	好 / 樹枝 / 母牛 / 水 / 美
371-3	n	3	a	a	ɔ	ə	a	o	a	ə	a	ɔ	9:1, 522:1, 1825:1	丈夫 / 下巴 / 儿子 / 墙 / 天 / 头 / 妻子 / 屁股 / 左边 / 帽子 / 房子 / 斧子 / 月亮 / 村寨 / 母亲 / 沙子 / 父亲 / 石头 / 耳朵 / 肚子 / 肚脐 / 胃 / 脸 / 舌 / 难 / 鼻子 / 鼻涕
379-3	n	3	a	a	u	ə	y	u	u	u	ɛ	e	245:1, 303:1, 1054:1	哪里 / 块 / 爪子
493-3	n	3	a	e	i	Ø	ʅ	i	ei	i	ei	e	102:1, 665:2, 1155:1	什么 / 捉 / 直
495-3	n	3	a	ei	e	a	Ø	i	a	e	u	a	1667:1, 736:1, 987:1	明天 / 浓 / 补
532-3	n	3	a	a	Ø	o	i	Ø	ei	e	ɛ	a	1049:1, 624:1, 1531:1	手 / 手指 / 爪子 / 苍蝇
76-2	n	2	a	a	o	ə	o	o	əu	u	ɔ	eɯ	228:1, 1963:1	咬 / 鸭子
116-2	n	2	a	a	au	õ	o	o	u	o	eu	eu	1530:1, 391:1	奶汁 / 苍蝇 / 虹
158-2	n	2	a	a	ua	u	a	Ø	o	Ø	a	a	1374:1, 58:1	乌鸦 / 屎 / 肠子
161-2	n	2	a	a	au	õ	o	ə	u	o	Ø	u	1116:2, 985:1	浓 / 病
169-2	n	2	a	a	e	a	i	Ø	a	ɑ	a	a	768:1, 628:1	手指 / 月亮
213-2	n	2	a	a	o	õ	u	o	u	ə	eu	eu	1882:1, 1636:1	口水 / 尿 / 水 / 汗 / 蜜蜂 / 露水 / 风
282-2	n	2	a	u	e	ĩ	i	e	o	o	a	æ̃	119:1, 1110:1	你们 / 留
356-2	n	2	a	a	e	e	Ø	a	i	a	u	i	881:2, 73:1	二十 / 樹枝
403-2	n	2	a	Ø	i	ã	i	i	i	i	a	i	767:1, 1418:1	月亮 / 胡须
438-2	n	2	a	Ø	a	ẽ	ə	e	u	Ø	a	Ø	1426:2, 965:1	活 / 脏
31-1	n	1	a	a	i	a	a	Ø	i	e	ɿ	a	936:2	沙子
59-1	n	1	a	Ø	o	ə	o	Ø	u	u	eu	eu	1232:2	笑
416-3	n	3	-	-	ɔ	o	au	o	i	i	o	o	1311:1, 32:1, 1373:1	下边 / 老 / 肠子
130-2	n	2	-	i	a	ẽ	e	i	i	i	a	e	1573:1, 417:1	姜 / 薄
173-2	n	2	-	-	o	ə̃	u	u	Ø	Ø	i	i	1133:1, 2020:1	牛 / 皮 / （牛）角
358-2	n	2	-	-	o	ə̃	e	u	ɛ	e	Ø	i	902:1, 1366:2	母牛 / 肝
25-1	n	1	-	Ø	a	ẽ	e	i	i	i	a	i	123:1	偷
303-3	m	3	Ø	j	-	Ø	-	w	-	-	-	-	844:1, 883:1, 860:1	树干 / 树根 / 樹枝
412-2	m	2	Ø	Ø	Ø	-	i	Ø	-	-	j	Ø	1813:1, 1366:1	肝 / 镰刀
149-1	m	1	Ø	Ø	Ø	l	-	ʐ	-	-	-	Ø	1595:1	蚂蚁
152-1	m	1	Ø	Ø	-	-	-	-	l	-	Ø	Ø	1649:1	蝴蝶
313-1	m	1	Ø	Ø	l	l	-	l	Ø	Ø	Ø	Ø	615:1	扁
317-1	m	1	Ø	Ø	l	Ø	Ø	ɭ	l	l	Ø	Ø	1161:1	眉毛
447-1	m	1	Ø	Ø	Ø	Ø	Ø	Ø	-	j	Ø	-	210:1	听
471-1	m	1	Ø	Ø	Ø	Ø	i	Ø	Ø	Ø	-	-	1535:1	苍蝇 / 苦
473-1	m	1	Ø	Ø	Ø	Ø	-	Ø	ʁ	w	Ø	Ø	1624:1	蛋
415-4	m	4	w	w	Ø	-	Ø	w	-	-	Ø	-	485:1, 1714:1, 1798:1, 185:1	右边 / 尿 / 过（桥） / 锄（革）
424-4	m	4	w	w	Ø	Ø	Ø	-	w	w	Ø	-	349:1, 384:1, 624:0, 665:1	天 / 女婿 / 手 / 手指 / 捉
103-2	m	2	w	-	-	-	-	-	-	-	-	Ø	1629:1, 1426:1	脏 / 蜘蛛
107-9	m	9	j	-	-	-	-	-	-	-	j	j	53:1, 136:1, 1232:1, 43:1, 280:1, 1776:1, 284:1, 1183:1, 1408:1	中午 / 中间 / 六 / 回来 / 圆 / 瞎子 / 笑 / 胖 / 里边
124-9	m	9	j	j	-	l	-	ʐ	j	-	j	j	85:1, 1712:1, 2003:1, 2012:1, 764:1, 1392:1, 1111:1, 1326:1, 1569:1	五 / 暗 / 留 / 绿 / 老鼠 / 肺 / 蓝 / 辣 / 鼻子 / 鼻涕
259-3	m	3	j	-	-	l	-	ʐ	j	-	-	-	1706:1, 605:1, 1390:1	房子 / 肺 / 软
125-2	m	2	j	Ø	-	l	-	ʐ	j	j	Ø	Ø	1942:1, 1336:1	耳朵 / 鱼
134-2	m	2	j	j	-	-	-	-	-	-	j	j	337:1, 1647:1	大 / 蝴蝶
215-2	m	2	j	-	Ø	-	Ø	Ø	j	j	-	-	374:1, 1721:1	女儿 / 近
218-2	m	2	j	-	-	-	l	Ø	Ø	Ø	j	j	1820:1, 1410:1	胖 / 门
221-2	m	2	j	Ø	-	-	-	-	-	-	-	-	202:1, 825:1	吐（痰） / 松树 / 果子
94-1	m	1	j	j	Ø	-	Ø	-	z	j	Ø	-	1275:1	结（果）
342-6	m	6	-	-	l	l	l	l	l	l	Ø	j	1491:1, 274:1, 1602:1, 567:1, 206:1, 538:1	听 / 四 / 平 / 心脏 / 舌 / 蚂蟥
5-2	m	2	-	-	-	-	-	-	-	n	-	-	107:1, 1724:1	今天 / 这
6-2	m	2	-	-	-	-	-	-	z	j	-	-	1131:1, 18:1	三 / 百
160-2	m	2	-	-	-	-	-	-	j	-	-	Ø	562:1, 184:1	右边 / 左边 / 得到
17-1	m	1	-	-	-	-	-	-	-	-	-	u	1175:1	睡觉
28-1	m	1	-	-	Ø	-	-	-	-	-	j	-	910:1	母牛 / 水
30-1	m	1	-	-	-	-	-	Ø	-	i	-	-	936:1	沙子
56-1	m	1	-	-	-	-	-	-	m	Ø	Ø	-	1116:1	病
91-1	m	1	-	-	Ø	-	Ø	w	-	-	Ø	-	881:1	樹枝
97-1	m	1	-	Ø	-	-	Ø	-	-	ȵ	-	Ø	1606:1	蚊子
325-1	m	1	-	Ø	Ø	Ø	-	Ø	n	n	Ø	Ø	1618:1	蛇
82-1	i	1	ⁿtʰ	Ø	ⁿt	Ø	ⁿt	ⁿt	ⁿtʰ	ⁿtʰ	tʰ	Ø	202:0	吐（痰）
428-3	i	3	ⁿtɕʰ	Ø	ⁿtʂʰ	ⁿsʰ	ⁿʈʂʰ	ⁿts	ⁿtsʰ	ⁿtsʰ	ɕ	ɕʰ	1652:0, 586:0, 585:0	怕 / 血
506-4	i	4	ⁿtɕ	ȵ	n	ⁿz	ⁿʈʂ	ⁿts	ⁿts	ⁿts	ȵ	ɕ	1805:0, 1146:0, 73:0, 1149:0	二十 / 盐 / 锋利
269-3	i	3	ⁿtɕ	ȵ	tɕ	tɕ	Ø	tɕ	ʑ	tɕ	tɕ	tɕ	65:0, 862:0, 1549:0	九 / 栽 / 药
307-2	i	2	ⁿtɕ	Ø	ⁿtɕ	ⁿtɕ	Ø	ⁿtɕ	Ø	Ø	Ø	Ø	1154:0, 175:0	口水 / 直
54-1	i	1	ⁿtsʰ	Ø	ⁿtsʰ	ⁿsʰ	ⁿtsʰ	Ø	ⁿtsʰ	ⁿtsʰ	s	sʰ	961:0	洗（衣）
24-2	i	2	ⁿts	Ø	ⁿts	ⁿz	ⁿts	ⁿts	ⁿts	ⁿts	ts	s	959:0, 725:0	早 / 早晨 / 洗（碗）
223-4	i	4	ⁿt	t	t	ⁿt	dʱ	ⁿt	ⁿt	ⁿt	t	t	1354:0, 628:0, 883:0, 1274:0	手指 / 樹枝 / 织（布） / 肚脐
181-3	i	3	ⁿt	s	ⁿʈ	ⁿtʂ	ⁿʈ	ⁿʈ	ⁿʈ	ⁿʈ	t	t	53:0, 1776:0, 1910:0	中间 / 里边 / 香
117-2	i	2	ⁿt	n	t	t	ⁿdzʱ	t	t	t	t	t	1580:0, 481:0	尾巴 / 虱子
138-1	i	1	ⁿt	Ø	t	ⁿtʂ	Ø	Ø	Ø	ⁿʈ	t	t	43:0	中午
204-1	i	1	ⁿt	Ø	ⁿt	ⁿt	ⁿt	ⁿt	Ø	Ø	Ø	Ø	1271:0	织（布）
93-1	i	1	ⁿqʰ	Ø	ⁿq	ⁿq	ⁿɢʰ	ⁿk	ⁿɢ	ⁿɢ	Ø	Ø	1218:0	窄
421-5	i	5	ⁿpʰ	nʲ	ⁿtʂ	ⁿp	ⁿbʰ	ⁿp	ⁿb	ⁿb	nʲ	m	1712:0, 1338:0, 1943:0, 210:0, 1569:0	听 / 绿 / 耳朵 / 蓝 / 辣 / 鱼
227-5	i	5	ⁿp	pʰ	ⁿtʂ	ⁿp	ⁿb	ⁿp	ⁿb	ⁿb	p	m	2003:0, 2012:0, 1942:0, 1390:0, 1392:0	肺 / 鱼 / 鼻子 / 鼻涕
73-4	i	4	ⁿp	m	ⁿp	ⁿp	ⁿp	ⁿp	ⁿp	ⁿp	p	p	1840:0, 1087:0, 198:0, 1667:0	名字 / 猪 / 补 / 雪
53-1	i	1	ⁿp	p	p	p	p	p	p	Ø	Ø	p	465:0	射
150-1	i	1	ⁿp	Ø	ⁿp	Ø	p	ⁿp	Ø	Ø	p	p	1644:0	蝴蝶
205-1	i	1	ⁿp	Ø	Ø	ⁿp	ⁿbʰ	Ø	ⁿb	ⁿb	Ø	Ø	1336:0	耳朵
202-1	i	1	ⁿkʰ	Ø	Ø	ⁿk	Ø	ⁿk	ⁿg	ⁿg	Ø	Ø	985:0	浓
518-4	i	4	ⁿk	q	k	k	kʰ	k	qʷ	qʷ	k	k	1690:0, 143:0, 1119:0, 1716:0	刮 / 痒 / 路 / 过（桥）
122-3	i	3	ⁿk	Ø	ⁿtɕ	ⁿtɕ	ⁿtɕ	ⁿtɕ	ⁿtɕ	ⁿtɕ	tɕ	tɕ	659:0, 1575:0, 1672:0	挖 / 蘑菇 / 记得
320-1	i	1	ⁿk	Ø	Ø	Ø	Ø	ⁿk	ⁿg	ⁿg	Ø	Ø	1496:0	船
457-1	i	1	ⁿk	Ø	Ø	Ø	Ø	Ø	ⁿɢ	ⁿɢ	Ø	Ø	665:0	捉
68-7	i	7	ʔ	ʔ	ʔ	ʔ	ʔ	ʔ	ʔ	ʔ	ʔ	ʔ	74:0, 1:0, 1963:0, 1882:0, 83:0, 1750:0, 61:0	一 / 乌鸦 / 二 / 二十 / 云 / 口水 / 尿 / 水 / 汗 / 灰 / 烟 / 瞎子 / 老鼠 / 脓 / 衣 / 那 / 门 / 霜 / 露水 / 风 / 鸭子
530-3	i	3	ʔ	tɕ	ʂ	tɕ	Ø	tɕ	ʂ	s	h	ɕʰ	577:0, 405:0, 653:0	妻子 / 快 / 拖
164-2	i	2	ʔ	ʔ	ʔ	ʔ	m	ʔ	ʔ	x	ʔ	ʔ	391:0, 1534:0	奶汁 / 苍蝇 / 苦 / 虹
166-2	i	2	ʔ	ʔ	ʑ	ʔ	ʔ	ʔ	ʔ	ʔ	l	ʔ	910:0, 454:0	容易 / 母牛 / 水
48-1	i	1	ʔ	ʔ	h	Ø	ʔ	Ø	ʔ	ʔ	h	h	9:0	丈夫 / 下巴 / 儿子 / 墙 / 天 / 头 / 妻子 / 屁股 / 帽子 / 房子 / 斧子 / 月亮 / 村寨 / 母亲 / 沙子 / 父亲 / 石头 / 耳朵 / 肚子 / 肚脐 / 胃 / 脸 / 舌 / 鼻子 / 鼻涕
338-5	i	5	ʑ	j	ʐ	ʐ	z	ʐ	j	j	ʑ	ɣ	1583:0, 1720:0, 1298:0, 400:0, 1951:0	好 / 美 / 虹 / 近 / 鸟窝
228-4	i	4	ʑ	j	ʑ	ʑ	ʂ	ʑ	ʔʑ	ʔ	ʑ	ʑ	467:0, 1606:0, 451:0, 1887:0	容易 / 小 / 蚊子 / 飞
398-3	i	3	ʑ	j	ʂ	ʐ	v	Ø	ʔ	ʔ	s	ɣ	938:0, 1258:0, 1721:0	沙子 / 石头 / 累 / 近
394-2	i	2	ʑ	Ø	tʂ	ʑ	ʂ	s	ts	ts	Ø	ʑ	102:0, 97:0	什么
132-3	i	3	ɬ	ɬ	ɬ	ɬ	ɬ	ɭ	ɬ	ɬ	l	l	337:0, 768:0, 1440:0	大 / 月亮 / 脑髓
177-2	i	2	ɬ	ɬ	ɬ	ɬ	ɬ	l	Ø	Ø	l	l	1285:0, 868:0	桥 / 绳子
411-2	i	2	ɬ	Ø	ɬ	ɬ	Ø	ɬ	Ø	Ø	Ø	ɬ	1437:0, 1183:0	瞎子 / 脑髓
113-6	i	6	ɕ	s	ʂ	sʰ	ʂ	s	s	s	ɕ	ɕʰ	1221:0, 1763:0, 1711:0, 1037:0, 1238:0, 47:0	中午 / 热 / 站 / 筋 / 轻 / 酸
340-3	i	3	ɕ	s	Ø	sʰ	s	s	ʂ	s	Ø	ɕʰ	714:0, 709:0, 1366:0	数（钱） / 新 / 肝
128-2	i	2	ɕ	j	ʑ	ʑ	ʑʱ	ʑ	ʑ	ʑ	ʑ	ʑ	135:0, 909:0	八 / 母牛 / 牛
488-2	i	2	ɕ	tɕʰ	tsʰ	Ø	Ø	tɕ	tɕʰ	Ø	ts	tɕʰ	310:0, 1399:0	墙 / 胃
86-1	i	1	ɕ	s	Ø	sʰ	Ø	ʂ	s	ʑ	Ø	ɕʰ	702:0	收（玉米）
88-1	i	1	ɕ	s	Ø	Ø	Ø	tɕ	tsʰ	ts	ts	sʰ	814:0	松树
378-2	i	2	ȵ	ȵ	n	n	Ø	n	n	n	Ø	Ø	138:0, 426:0	冷 / 嫩
418-2	i	2	ȵ	ȵ	n	n̥	Ø	ɳ	ȵ	ȵ	Ø	nʲ	1213:0, 1892:0	种子 / 饭
419-2	i	2	ȵ	Ø	Ø	ȵ	ȵʱ	ȵ	ȵ	ȵ	nʲ	n	1418:0, 71:0	二十 / 胡须
112-4	i	4	ŋ̩	ȵ	ȵ	ȵ	ȵ	ȵ	ȵ	ȵ	nʲ	nʲ	1573:0, 123:0, 177:0, 987:0	偷 / 口水 / 浓 / 薄
347-2	i	2	ŋ̩	ŋ̩	ȵ	ŋ	ȵ	ŋ	n	n	nʲ	n	902:0, 546:0	年 / 母牛
360-2	i	2	ŋ̩	ŋ̩	ȵ	ŋ	ȵʱ	ŋ	ȵ	n	Ø	n	1133:0, 397:0	奶汁 / 牛 / 皮 / （牛）角
291-2	i	2	ŋ̥	ŋ̥	Ø	Ø	Ø	ȵ	ȵ	Ø	nʲ	nʲ	1781:0, 1373:0	肠子 / 重
442-2	i	2	ŋ	ŋ	Ø	Ø	Ø	Ø	Ø	Ø	ŋ	ŋ	1219:0, 1518:0	窄 / 芽
163-6	i	6	Ø	Ø	tɬ	tɬ	tɬ	Ø	t	t	Ø	Ø	240:0, 1044:0, 1082:0, 1990:0, 1127:0, 1727:0	咸 / 熊 / 狗 / 白 / 远 / 黑
484-3	i	3	Ø	Ø	tʂ	tʂ	tʂ	ʂ	ʐ	ʐ	Ø	Ø	15:0, 1823:0, 1200:0	丈夫 / 砖 / 门
137-2	i	2	Ø	Ø	ⁿp	ⁿp	ⁿdʱ	ⁿp	ⁿb	ⁿb	Ø	Ø	1491:0, 1602:0	舌 / 蚂蟥
162-2	i	2	Ø	t	k	k	k	k	tɕ	tɕ	k	k	1651:0, 2020:0	苍蝇 / 虱子 / 蚂蚁 / 蚂蟥 / 蜘蛛 / 蜜蜂 / 蝴蝶 / （牛）角
216-2	i	2	Ø	t	ⁿt	Ø	ⁿt	-	Ø	ʈ	t	k	844:0, 860:0	树干 / 树根
273-2	i	2	Ø	Ø	ⁿt	ⁿtʂʰ	tɬ	ⁿt	t	t	t	t	1163:0, 728:0	手指 / 早晨 / 眉毛
407-2	i	2	Ø	Ø	Ø	t	ʑ	ʑ	ʑ	ʑ	s	Ø	463:0, 1863:0	对 / 露水
440-2	i	2	Ø	Ø	ʑ	ʑ	z	Ø	ʔʑ	ʔʑ	ʑ	ʑ	1888:0, 1299:0	美 / 飞
443-2	i	2	Ø	ʔ	Ø	Ø	h	Ø	ʔ	ʔ	Ø	Ø	1226:0, 1381:0	竹子 / 肩膀 / 脖子
497-2	i	2	Ø	Ø	ⁿts	Ø	ⁿts	tɕ	Ø	tɕ	k	k	325:0, 1669:0	外边 / 补
503-2	i	2	Ø	nʲ	Ø	n̥	ɳ	Ø	ɳ	n̥	nʲ	Ø	1215:0, 2005:0	种子 / 鼻子 / 鼻涕
504-2	i	2	Ø	n	Ø	Ø	Ø	ȵ	m	m̥	n	m	1638:0, 1825:0	蜜蜂 / 难
525-2	i	2	Ø	qʰ	k	q	g	Ø	ʔ	Ø	Ø	Ø	522:0, 1519:0	左边 / 芽
528-2	i	2	Ø	Ø	Ø	sʰ	tɕ	s	tɕ	Ø	Ø	ɕ	848:0, 1319:0	树干 / 老虎
51-1	i	1	Ø	tɕ	t	t	d	t	z	ð	Ø	t	245:0	哪里
63-1	i	1	Ø	m	m	m	m	Ø	m	m̥	m	m	1706:0	软
64-1	i	1	Ø	ɕ	ɕ	ɕ	Ø	ʑ	ɕ	ɕ	ɕ	ɕʰ	1906:0	香
79-1	i	1	Ø	ȵ	n	n̥	Ø	Ø	ȵ	n̥	n	n	45:0	中午
83-1	i	1	Ø	t	Ø	h	f	Ø	x	x	h	h	368:0	头
85-1	i	1	Ø	Ø	qʰ	qʰ	qʰ	Ø	qʰ	qʰ	qʰ	qʰ	663:0	捆绑
141-1	i	1	Ø	t	ʔ	ʔ	Ø	Ø	t	t	ʑ	Ø	77:0	云
144-1	i	1	Ø	Ø	ⁿt	Ø	tʰ	Ø	ⁿt	ⁿt	t	t	787:0	木头 / 松树 / 树
146-1	i	1	Ø	Ø	ⁿtɕʰ	Ø	ⁿtɕʰ	ⁿtɕ	ⁿtɕʰ	ⁿtɕʰ	ʑ	Ø	1033:0	烟
148-1	i	1	Ø	Ø	Ø	ⁿp	ⁿdzʱ	ⁿp	ⁿb	ⁿb	pʰ	Ø	1595:0	蚂蚁
151-1	i	1	Ø	Ø	ⁿts	ⁿp	ⁿts	ⁿp	p	p	Ø	Ø	1649:0	蝴蝶
155-1	i	1	Ø	Ø	ʐ	z	ⁿʈʂ	ⁿts	Ø	Ø	ʑ	ɕ	1806:0	尖 / 锋利
157-1	i	1	Ø	Ø	ⁿʈ	ⁿtʂ	ⁿʈ	ⁿʈ	ⁿɖ	ⁿɖ	Ø	Ø	1999:0	鼓
203-1	i	1	Ø	s	Ø	sʰ	Ø	Ø	tsʰ	tsʰ	Ø	ɕʰ	1025:0	灰
208-1	i	1	Ø	tɕ	ʂ	ʂ	Ø	ʐ	Ø	Ø	Ø	x	1928:0	肝 / 高
308-1	i	1	Ø	n	Ø	Ø	Ø	Ø	ŋ	ŋ	nʲ	Ø	238:0	咸
310-1	i	1	Ø	Ø	tsʰ	Ø	tɕ	Ø	ⁿtsʰ	ⁿtsʰ	Ø	Ø	304:0	块
312-1	i	1	Ø	Ø	k	ⁿq	Ø	Ø	k	k	Ø	Ø	439:0	孙子 / 抬
316-1	i	1	Ø	Ø	Ø	kʰ	kʰ	Ø	kʰ	kʰ	Ø	Ø	1123:0	痒
319-1	i	1	Ø	Ø	Ø	Ø	tɕʰ	Ø	tɕʰ	tɕʰ	tɕʰ	Ø	1348:0	肚子
323-1	i	1	Ø	l	Ø	Ø	ɬ	Ø	m	Ø	Ø	l	1609:0	蚊子
448-1	i	1	Ø	Ø	ʈ	tʰ	ʈ	Ø	Ø	Ø	Ø	Ø	278:0	回来
450-1	i	1	Ø	Ø	Ø	tʰ	dʱ	Ø	Ø	t	Ø	Ø	312:0	墙
451-1	i	1	Ø	Ø	ⁿt	Ø	ⁿdʱ	ⁿt	Ø	Ø	Ø	Ø	351:0	天
453-1	i	1	Ø	Ø	qʰ	qʰ	Ø	Ø	Ø	Ø	Ø	kʰ	417:0	姜
459-1	i	1	Ø	n̥	Ø	Ø	Ø	Ø	n	n	Ø	Ø	736:0	明天
465-1	i	1	Ø	Ø	ts	Ø	Ø	Ø	ts	ts	Ø	Ø	1121:0	痒
466-1	i	1	Ø	Ø	Ø	Ø	t	Ø	t	ð	Ø	Ø	1209:0	硬
470-1	i	1	Ø	Ø	ʈ	tʂ	d	Ø	Ø	Ø	Ø	Ø	1410:0	胖
475-1	i	1	Ø	Ø	Ø	Ø	k	Ø	k	ⁿqʰ	Ø	Ø	1700:0	蹄
476-1	i	1	Ø	Ø	q	Ø	ɢ	Ø	Ø	Ø	Ø	k	1769:0	醉
477-1	i	1	Ø	Ø	ⁿtʰ	Ø	tʂʰ	Ø	Ø	ʈʰ	Ø	Ø	1799:0	锄（革）
328-3	i	3	tʰ	t	t	t	dʱ	t	ʑ	ð	t	Ø	228:0, 340:0, 1236:0	咬 / 大家 / 等
329-3	i	3	tʰ	t	t	t	d	t	t	t	t	Ø	1508:0, 32:0, 621:0	下边 / 手 / 花生 / 豆
494-3	i	3	tʰ	tʰ	ⁿt	ⁿtʰ	ⁿt	ⁿt	ⁿt	ⁿt	tʰ	Ø	227:0, 651:0, 991:0	呕吐 / 拖 / 浮
429-3	i	3	tɕʰ	tɕ	tɕ	tɕ	Ø	tɕ	ʑ	s	tɕ	tɕ	1920:0, 520:0, 1382:0	左边 / 肩膀 / 骑
483-3	i	3	tɕʰ	q	s	ʂ	s	ʐ	Ø	tɕʰ	Ø	t	183:0, 1744:0, 1356:0	右边 / 肚脐 / 选
49-1	i	1	tɕʰ	tɕ	tʂ	s	Ø	s	z	z	Ø	ɕ	21:0	下巴
309-1	i	1	tɕʰ	Ø	Ø	Ø	Ø	ʔ	Ø	Ø	ɕ	tɕʰ	253:0	唱
292-5	i	5	tɕ	j	tɕ	tɕ	tɕ	tɕ	tɕ	tɕ	tɕ	tɕ	1611:0, 1884:0, 965:0, 1092:0, 1770:0	活 / 猴子 / 蚯蚓 / 醉 / 风
423-4	i	4	tɕ	tɕ	ʐ	ⁿz	tɕʰ	ʐ	tɕ	ⁿdz	ts	ts	1968:0, 1787:0, 331:0, 1883:0	多 / 钟 / 风 / 麻雀
454-3	i	3	tɕ	tɕ	tɕʰ	tɕ	Ø	Ø	ⁿts	ⁿts	tɕ	tɕ	474:0, 867:0, 1670:0	尖 / 桥 / 记得
184-2	i	2	tɕ	tɕ	ɕ	s	Ø	tɕ	z	z	ɕ	ɕ	5:0, 544:0	七 / 年
12-1	i	1	tɕ	tɕ	tʂ	s	dʐ	ʑ	z	z	ɕ	ɕ	471:0	少
52-1	i	1	tɕ	t	tsʰ	t	Ø	tɕ	tɕ	tɕ	Ø	s	341:0	大家
200-1	i	1	tɕ	Ø	Ø	ʐ	Ø	Ø	tsʰ	tsʰ	Ø	ɕʰ	802:0	村寨
217-2	i	2	ts	qʰ	Ø	tɕ	Ø	-	ʑ	ʑ	Ø	tɕ	881:0, 856:0	树根 / 樹枝
489-2	i	2	ts	tɕ	ts	Ø	Ø	Ø	z	z	s	s	444:0, 547:0	害羞 / 床
474-1	i	1	ts	Ø	Ø	ʑ	Ø	Ø	Ø	Ø	Ø	tɕʰ	1693:0	蹄
42-23	i	23	t	t	t	t	t	t	t	t	t	t	562:0, 997:0, 172:0, 1306:0, 378:0, 127:0, 200:0, 710:0, 712:0, 1757:0, 1856:0, 1135:0, 1141:0, 375:0, 434:0, 479:0, 1136:0, 1465:0, 1853:0, 1155:0, 1408:0, 1467:0, 1671:0	儿子 / 厚 / 名字 / 坏 / 女儿 / 女婿 / 好 / 嫩 / 孙子 / 尖 / 尾巴 / 得到 / 斧子 / 樹枝 / 母牛 / 活 / 深 / 湿 / 爪子 / 牙齿 / 皮 / 皮肤 / 直 / 硬 / 种子 / 筋 / 红 / 绿 / 翅膀 / 老 / 胖 / 脚 / 蓝 / 血 / 记得 / 路 / 蹄 / 软 / 都 / 霜 / 黄 / 黑 / （牛）角
71-4	i	4	t	t	t	t	d	t	z	ð	t	t	896:0, 1021:0, 1235:0, 834:0	柴 / 死 / 火 / 等
251-4	i	4	t	t	ⁿt	ⁿt	ⁿt	ⁿt	t	ⁿt	t	t	1818:0, 1012:0, 332:0, 840:0	多 / 树 / 湿 / 长
104-3	i	3	t	Ø	ʈ	tʂ	tɬ	ʈ	ʈ	ʈ	t	t	136:0, 1232:0, 280:0	六 / 回来 / 笑
253-2	i	2	t	t	t	ⁿt	gʱ	t	Ø	Ø	t	ɣ	797:0, 452:0	容易 / 杀（人）
351-2	i	2	t	tɕ	ʈ	tʂ	dʱ	ʂ	ʐ	ʐ	t	t	1820:0, 1409:0	胖 / 门
87-1	i	1	t	Ø	t	t	dʱ	t	z	ð	Ø	Ø	811:0	来
96-1	i	1	t	t	ʈʰ	Ø	Ø	t	t	ⁿt	Ø	t	1487:0	舂
142-1	i	1	t	Ø	ⁿt	Ø	tʰ	Ø	t	ð	Ø	t	153:0	前面
314-1	i	1	t	Ø	Ø	ⁿtʂʰ	dʑ	ⁿʈ	Ø	Ø	Ø	Ø	735:0	明天
167-2	i	2	s	s	s	sʰ	s	s	ʑ	s	s	sʰ	1740:0, 1846:0	送（客） / 雷
405-2	i	2	s	s	Ø	ⁿz	Ø	Ø	s	Ø	s	s	433:0, 1507:0	孙子 / 花生
18-1	i	1	s	s	tsʰ	sʰ	tsʰ	s	tsʰ	tsʰ	s	sʰ	1925:0	骨头
29-1	i	1	s	s	ts	sʰ	s	Ø	tsʰ	tsʰ	ts	sʰ	936:0	沙子
472-1	i	1	s	s	Ø	ʐ	Ø	Ø	Ø	Ø	Ø	Ø	1540:0	草
481-4	i	4	qʰ	q	ⁿq	q	Ø	Ø	q	q	k	q	298:0, 1132:0, 686:0, 1841:0	坏 / 提 / 树根 / 皮 / 皮肤 / 门 / 雪
513-3	i	3	qʰ	ʔ	kʰ	q	tɕʰ	k	kʰ	kʰ	k	tɕʰ	675:0, 943:0, 1812:0	捡 / 河 / 镰刀
55-1	i	1	qʰ	qʰ	ⁿqʰ	ⁿqʰ	ⁿq	ⁿk	ⁿqʰ	Ø	qʰ	Ø	1000:0	渴
21-9	i	9	q	q	q	q	q	h	q	q	q	q	492:0, 1374:0, 1959:0, 746:0, 12:0, 1102:0, 370:0, 1081:0, 627:0	丈夫 / 下巴 / 嘴，口 / 墙 / 头 / 尾巴 / 屁股 / 屎 / 手指 / 星星 / 昨天 / 樹枝 / 泥巴 / 火 / 灰 / 狗 / 甜 / 石头 / 翅膀 / 老虎 / 耳朵 / 肠子 / 胃 / 腿 / 舌 / 骨头 / 鸡 / 麻雀 / 鼻涕
258-5	i	5	q	q	tɕ	k	k	k	tɕ	tɕ	k	k	1612:0, 1592:0, 1049:0, 1628:0, 1689:0	爪子 / 蚂蚁 / 蚊子 / 蚯蚓 / 蜘蛛 / 路
372-3	i	3	q	q	q	q	q	k	k	k	k	k	1310:0, 2018:0, 1054:0	爪子 / 老 / 蛋 / （牛）角
487-3	i	3	q	q	Ø	k	Ø	Ø	Ø	Ø	k	q	54:0, 774:0, 1531:0	中间 / 朋友 / 苍蝇
362-2	i	2	q	ŋ	ŋ	q	Ø	h	p	p	q	nʲ	1453:0, 1497:0	脖子 / 船
355-2	i	2	pʰ	q	Ø	ⁿpʰ	q	k	ⁿpʰ	ⁿpʰ	pʰ	pʰ	374:0, 285:0	圆 / 女儿
27-1	i	1	pʰ	Ø	pʰ	pʰ	pʰ	p	pʰ	pʰ	pʰ	pʰ	165:0	劈
33-1	i	1	pʰ	p	p	p	Ø	p	v	ⁿb	p	p	1166:0	看见
462-1	i	1	pʰ	pʰ	Ø	Ø	Ø	Ø	Ø	Ø	p	Ø	990:0	浮
40-19	i	19	p	p	p	p	p	p	p	p	p	p	1017:0, 1131:0, 1175:0, 18:0, 1480:0, 274:0, 1032:0, 147:0, 567:0, 615:0, 626:0, 1056:0, 1059:0, 1161:0, 56:0, 494:0, 508:0, 538:0, 1279:0	三 / 中间 / 刺 / 四 / 屁股 / 山 / 平 / 心脏 / 扁 / 手 / 手指 / 满 / 烟 / 父亲 / 百 / 眉毛 / 睡觉 / 给 / 腿
240-6	i	6	p	p	p	p	b	p	v	v	p	p	1501:0, 1448:0, 1384:0, 149:0, 1326:0, 1450:0	刺 / 老鼠 / 肩膀 / 脓 / 花
106-5	i	5	p	t	tʂ	p	p	p	p	p	ɕ	p	85:0, 1275:0, 764:0, 605:0, 825:0	五 / 房子 / 暗 / 松树 / 果子 / 结（果）
252-2	i	2	p	p	Ø	p	p	Ø	pʰ	pʰ	Ø	Ø	734:0, 184:0	右边 / 左边 / 明天
78-5	i	5	n̥	n̥	n̥	n̥	n̥	n	n	n̥	n	n	362:0, 215:0, 359:0, 556:0, 1248:0	听见 / 天 / 太阳 / 弓 / 箭
11-1	i	1	n̥	n̥	n	n	n	n	n	ʔ	n	n	107:0	今天
13-1	i	1	n̥	n̥	n	n̥	n	n	n	n̥	n	n	754:0	昨天
102-3	i	3	n	n	n	n	n	n	n	n	n	n	193:0, 1619:0, 1324:0	吃 / 老鼠 / 蛇
8-2	i	2	n	m	n	n	n	n	n	n	n	n	1947:0, 1837:0	雨 / 鸟 / 鸟窝
334-2	i	2	n	ʔ	h	Ø	n	Ø	ʔ	ʔ	ʔ	ʔ	254:0, 1618:0	唱 / 织（布） / 蛇
36-1	i	1	n	Ø	n	n	ȵ	n	n	ʔ	n	n	1724:0	这
81-1	i	1	n	Ø	n̥	n̥	Ø	n	n	n̥	n	Ø	106:0	今天
271-4	i	4	m̥	m	m	m̥	m	m	m	m̥	m	m	260:0, 1061:0, 392:0, 531:0	嗅 / 奶汁 / 帽子 / 牙齿
46-4	i	4	m	m	m	m	m	m	m	m	m	m	1168:0, 1170:0, 1530:0, 169:0	卖 / 眼睛 / 瞎子 / 苍蝇
108-4	i	4	m	m	n	m	Ø	m	m	m	m	m	1917:0, 897:0, 901:0, 112:0	你 / 母亲 / 母牛 / 马
241-4	i	4	m	m	m	m	mʱ	m	m	m	m	n	1160:0, 1470:0, 206:0, 905:0	听 / 母牛 / 眉毛 / 脸
98-3	i	3	m	m	m	m	m	m	ʔ	m	m	m	119:0, 1116:0, 1636:0	你们 / 病 / 蜜蜂
140-1	i	1	m	Ø	m	Ø	mʱ	Ø	m	m	Ø	m	67:0	买
264-7	i	7	l	l	l	l	l	l	ˀl	ˀl	l	l	1189:0, 1267:0, 1510:0, 1861:0, 264:0, 812:0, 1094:0	嘴，口 / 来 / 猴子 / 短 / 红 / 花生 / 露水
297-6	i	6	l	l	l	l	lʱ	l	l	l	l	l	279:0, 1311:0, 954:0, 284:0, 1004:0, 1332:0	回来 / 圆 / 泥巴 / 游 / 老 / 耕
449-3	i	3	l	l	Ø	l	l	Ø	l	Ø	l	ɬ	303:0, 1813:0, 1111:0	块 / 留 / 镰刀
402-2	i	2	l	l	ɬ	Ø	ɬ	l	l	ⁿp	l	l	767:0, 1647:0	月亮 / 蝴蝶
496-2	i	2	l	ʔ	Ø	Ø	ʔ	Ø	ʁ	Ø	l	l	58:0, 1535:0	乌鸦 / 苍蝇 / 苦
336-3	i	3	kʰ	k	k	kʰ	gʰ	k	k	k	tɕ	tɕ	167:0, 1550:0, 602:0	十 / 我 / 药
511-3	i	3	kʰ	kʰ	kʰ	kʰ	kʰ	k	q	q	Ø	Ø	1880:0, 1110:0, 1798:0	留 / 锄（革） / 鞋
9-1	i	1	kʰ	k	ⁿk	ⁿk	ⁿgʱ	ⁿk	ʑ	ʑ	tɕ	tɕ	72:0	二十
197-1	i	1	kʰ	q	Ø	Ø	Ø	Ø	χʷ	χ	Ø	xʰ	40:0	下边 / 里边
413-4	i	4	k	k	tɕ	q	Ø	tɕ	ʔ	ⁿt	tɕ	tɕ	854:0, 64:0, 185:0, 1481:0	九 / 右边 / 树干 / 树根 / 樹枝 / 腿
529-4	i	4	k	q	Ø	q	q	s	k	q	ts	s	1426:0, 449:0, 1039:0, 1380:0	害羞 / 热 / 肩膀 / 脏
263-3	i	3	k	k	k	k	Ø	k	k	k	Ø	Ø	1782:0, 1714:0, 1726:0	过（桥） / 远 / 针
409-3	i	3	k	k	q	q	ɢʱ	Ø	q	q	q	q	1869:0, 1559:0, 1624:0	蒜 / 蛋 / 青蛙
145-1	i	1	k	Ø	ⁿk	ⁿk	Ø	ⁿk	Ø	Ø	k	q	890:0	歌
268-3	i	3	h	h	h	h	h	h	χ	χ	h	h	258:0, 216:0, 963:0	告诉 / 喝 / 活
427-3	i	3	h	h	h	h	ʔ	Ø	x	ʔ	h	h	1584:0, 1879:0, 1506:0	花生 / 虹 / 鞋
401-2	i	2	h	h	ʂ	ʂ	Ø	ʐ	ʂ	s	h	xʰ	707:0, 1927:0	数（钱） / 高
524-2	i	2	f	Ø	Ø	Ø	b	p	Ø	Ø	f	fʰ	346:0, 1709:0	大家 / 轻
315-1	i	1	b	p	Ø	p	Ø	Ø	Ø	Ø	Ø	p	772:0	朋友
260-4	i	4	-	j	ʐ	ʐ	ʑ	ʐ	ʐ	j	ʑ	Ø	1629:0, 486:0, 1103:0, 1194:0	尿 / 甜 / 石头 / 蜘蛛
382-2	i	2	-	-	Ø	Ø	Ø	w	j	j	Ø	ɣ	485:0, 384:0	女婿 / 尿
311-1	i	1	-	-	Ø	Ø	Ø	Ø	ⁿɢ	ⁿɢ	Ø	Ø	349:0	天
3-35	c	35	ŋ	ŋ	ŋ	-	-	ŋ	ŋ	ŋ	ŋ	ŋ	53:3, 1925:2, 5:2, 1906:2, 1740:2, 1583:2, 1782:2, 854:2, 1235:2, 43:3, 378:2, 15:2, 602:2, 1823:2, 544:2, 1298:2, 1032:2, 2018:2, 1039:2, 1279:2, 253:2, 280:3, 310:2, 349:3, 463:2, 547:2, 1409:2, 1496:2, 284:3, 331:2, 538:3, 856:2, 943:2, 991:2, 1408:3	七 / 丈夫 / 中午 / 中间 / 儿子 / 唱 / 回来 / 圆 / 墙 / 多 / 天 / 女儿 / 好 / 对 / 平 / 年 / 床 / 我 / 树干 / 树根 / 河 / 浮 / 烟 / 热 / 等 / 给 / 美 / 胖 / 船 / 虹 / 送（客） / 针 / 门 / 香 / 骨头 / （牛）角
19-12	c	12	ŋ	ŋ	-	-	-	ŋ	ŋ	ŋ	-	-	1017:2, 1189:2, 746:2, 910:3, 1840:2, 1580:2, 325:2, 434:2, 772:2, 1012:2, 303:2, 1155:2	块 / 外边 / 女婿 / 孙子 / 星星 / 朋友 / 母牛 / 水 / 湿 / 满 / 直 / 短 / 虱子 / 雪
119-8	c	8	ŋ	ŋ	ŋ	-	-	ŋ	-	-	-	-	1947:2, 368:2, 1820:3, 802:2, 1213:2, 1373:2, 1470:2, 522:2	头 / 左边 / 村寨 / 种子 / 肠子 / 脸 / 门 / 鸟 / 鸟窝
239-7	c	7	ŋ	ŋ	ŋ	-	-	-	n	n	n	-	1651:2, 1619:2, 1324:2, 426:2, 433:2, 1154:2, 1618:3	嫩 / 孙子 / 直 / 老鼠 / 苍蝇 / 虱子 / 蚂蚁 / 蚂蟥 / 蛇 / 蜘蛛 / 蜜蜂 / 蝴蝶
183-5	c	5	ŋ	ŋ	-	-	-	-	ŋ	ŋ	ŋ	ŋ	193:2, 138:2, 1787:2, 1776:3, 1497:2	冷 / 吃 / 船 / 里边 / 钟
195-5	c	5	ŋ	ŋ	-	-	-	n	ŋ	-	-	-	391:2, 1882:2, 1534:2, 615:3, 965:2	口水 / 奶汁 / 尿 / 扁 / 水 / 汗 / 活 / 苍蝇 / 苦 / 虹 / 露水 / 风
172-3	c	3	ŋ	ŋ	-	-	Ø	n	n	n	Ø	-	714:2, 1267:2, 1927:2	新 / 红 / 高
280-3	c	3	ŋ	ŋ	n	-	-	ŋ	-	ŋ	ŋ	ŋ	1611:2, 73:2, 987:2	二十 / 浓 / 蚯蚓
170-2	c	2	ŋ	Ø	ŋ	-	-	ŋ	ŋ	ŋ	-	-	1606:3, 787:2	木头 / 松树 / 树 / 蚊子
171-2	c	2	ŋ	Ø	Ø	-	Ø	-	n	n	-	-	260:2, 546:2	嗅 / 年
279-2	c	2	ŋ	ŋ	ŋ	-	Ø	-	-	n	-	-	1061:2, 444:2	害羞 / 牙齿
37-1	c	1	ŋ	ŋ	ŋ	-	-	ŋ	Ø	-	ŋ	ŋ	1837:2	雨
89-1	c	1	ŋ	ŋ	Ø	Ø	Ø	-	ŋ	ŋ	ŋ	-	814:2	松树
95-1	c	1	ŋ	ŋ	Ø	-	Ø	ŋ	ŋ	n	ŋ	Ø	1453:2	脖子
322-1	c	1	ŋ	Ø	Ø	Ø	Ø	Ø	n	Ø	n	n	1507:2	花生
72-2	c	2	Ø	ŋ	-	-	-	-	-	-	ŋ	ŋ	215:2, 628:2	听见 / 手指
178-2	c	2	Ø	Ø	-	-	-	-	-	-	n	-	1033:2, 1884:2	烟 / 风
333-2	c	2	Ø	ŋ	ŋ	-	-	n	ŋ	ŋ	n	Ø	77:2, 1200:2	云 / 砖
437-2	c	2	Ø	n	Ø	-	Ø	ŋ	n	-	n	-	1418:2, 1825:2	胡须 / 难
80-1	c	1	Ø	ŋ	-	-	Ø	Ø	-	-	-	-	45:2	中午
90-1	c	1	Ø	-	ŋ	Ø	-	-	Ø	n	-	ŋ	844:3	树干
206-1	c	1	Ø	-	Ø	Ø	Ø	Ø	-	-	-	ŋ	1647:3	蝴蝶
207-1	c	1	Ø	Ø	ŋ	Ø	Ø	Ø	n	n	ŋ	n	1888:2	飞
41-12	c	12	-	-	-	-	-	ŋ	-	-	-	-	362:2, 1160:2, 1170:2, 106:2, 169:2, 1384:2, 1636:2, 183:2, 47:2, 97:2, 285:2, 351:2	中午 / 什么 / 今天 / 卖 / 右边 / 圆 / 天 / 太阳 / 眉毛 / 眼睛 / 瞎子 / 肩膀 / 蜜蜂
100-5	c	5	-	-	ŋ	-	-	-	-	-	n	-	492:2, 1102:2, 1595:3, 1652:2, 1813:3	屁股 / 甜 / 蚂蚁 / 血 / 镰刀
109-4	c	4	-	-	-	-	-	ŋ	ŋ	ŋ	n	-	341:2, 1530:2, 862:2, 985:2	大家 / 栽 / 浓 / 苍蝇
120-3	c	3	-	-	ŋ	-	-	-	n	n	n	-	1612:2, 1501:2, 686:2	提 / 花 / 蚊子 / 蚯蚓
179-3	c	3	-	-	-	-	-	-	ŋ	ŋ	ŋ	-	107:3, 883:3, 177:2	今天 / 口水 / 樹枝
182-3	c	3	-	-	-	-	-	-	ŋ	ŋ	ŋ	ŋ	1724:3, 1781:2, 112:2	你 / 这 / 重
196-3	c	3	-	-	ŋ	-	-	ŋ	-	n	ŋ	ŋ	754:2, 1209:2, 1366:3	昨天 / 硬 / 肝
115-2	c	2	-	-	-	-	-	n	-	ŋ	n	-	119:2, 1869:2	你们 / 青蛙
131-2	c	2	-	-	-	-	-	-	n	n	n	-	1573:2, 905:2	母牛 / 薄
136-2	c	2	-	-	n	-	-	n	-	-	-	-	1917:2, 556:2	弓 / 马
212-2	c	2	-	-	-	-	-	-	-	ŋ	-	-	1487:2, 1968:2	舂 / 麻雀
231-2	c	2	-	ŋ	-	-	-	ŋ	ŋ	Ø	-	ŋ	465:2, 990:2	射 / 浮
26-1	c	1	-	Ø	-	-	-	-	n	n	n	n	123:2	偷
34-1	c	1	-	-	-	-	Ø	-	-	-	ŋ	-	1166:2	看见
57-1	c	1	-	-	-	-	-	ŋ	ŋ	Ø	Ø	ŋ	1116:3	病
92-1	c	1	-	-	Ø	-	Ø	-	-	n	Ø	-	897:2	母亲
