	NUMBER	GLOSS	Huang_Chinese	English_Macy_edit	English	Huang_STEDT_English	English_by_concepticon	CONCEPTICON_ID	CONCEPTICON_GLOSS	SIMILARITY	Note
0	Chen-2013-888-1	天	天	sky	sky	sky	sky	1732	SKY	2	
1	Chen-2013-888-2	太阳	太阳	sun	sun	sun	sun	1343	SUN	2	
2	Chen-2013-888-3	月亮	月亮	moon	moon	moon	moon	1313	MOON	2	
3	Chen-2013-888-4	星星	星星	star	star	star	star	1430	STAR	2	
4	Chen-2013-888-5	云	云	cloud	cloud	cloud	cloud	1489	CLOUD	2	
5	Chen-2013-888-6	虹	虹	rainbow	rainbow	rainbow	rainbow	1733	RAINBOW	2	
6	Chen-2013-888-7	雷	雷	thunder	thunder	thunder	thunder	1150	THUNDER	2	
7	Chen-2013-888-8	闪	闪电	lightning			lightning	1654	LIGHTNING		
8	Chen-2013-888-9	风	缠(~线)	wind	wind	wind	wind (thread onto a	960	WIND	2	
9	Chen-2013-888-10	雨	雨	rain	rain	rain	rain	658	RAIN (PRECIPITATION)	2	
10	Chen-2013-888-11	雪	雪	snow	snow	snow	snow	784	SNOW	2	
11	Chen-2013-888-12	露水	露水	dew	dew	dew	dew	1977	DEW	2	
12	Chen-2013-888-13	霜	霜	frost	frost	frost	frost	2034	FROST	2	
13	Chen-2013-888-14	火	火	fire	fire	fire	fire	221	FIRE	2	
14	Chen-2013-888-15	灰	草木灰	ash			plant ash	646	ASH	2	
15	Chen-2013-888-16	烟	熏	smoke / fumigate			smoke / fumigate	778	SMOKE (EXHAUST)	2	
16	Chen-2013-888-17	扬尘		dust							
17	Chen-2013-888-18	地	地	earth / ground	earth / ground	earth / ground	earth / ground	2159	GROUND	2	
18	Chen-2013-888-19	山	山	hill / mountain	hill / mountain	hill / mountain	hill / mountain	639	MOUNTAIN	2	
19	Chen-2013-888-20	洞	洞	cave / hole	cave / hole	cave / hole	cave / hole	1667	HOLE	2	洞 is hole, 山洞 is cave, this gloss is written on the page along with  山 and 河, I assume it means cave, but since the gloss is only 洞, I translate it as hole 
20	Chen-2013-888-21	河	河 (大~)	river			river (big) (note:+big)	666	RIVER	2	
21	Chen-2013-888-22	池塘	池塘	pond	pond	pond	pond	2035	POND	2	
22	Chen-2013-888-23	沟	沟	ditch / gully	ditch / gully	ditch / gully	ditch / gully	2002	DITCH	4	
23	Chen-2013-888-24	井	井	well	well	well	well	954	WELL	2	
24	Chen-2013-888-25	路	路	road	road	road	road	667	ROAD	2	
25	Chen-2013-888-26	水田		paddy field	paddy field	paddy fields||paddy field		140	PADDY FIELD	2	
26	Chen-2013-888-27	旱地	地(田~) (刀耕~)	fields			fields (wheat etc., slashed) (note:+plowed)	212	FIELD	2	
27	Chen-2013-888-28	石头	块(一~石头)	stone	stone	stone	classifier for rocks, stones	857	STONE	2	
28	Chen-2013-888-29	沙子	沙子	sand	sand	sand	sand	671	SAND	2	
29	Chen-2013-888-30	泥巴	泥巴	mud	mud	mud	mud	640	MUD		
30	Chen-2013-888-31	水	开水	water	water	water (in a river, well)||water (in a vessel)||water	water (boiled)	948	WATER	2	
31	Chen-2013-888-32	铁	铁	iron	iron	iron	iron	621	IRON	2	
32	Chen-2013-888-33	煤	煤	coal	coal	coal	coal	2658	COAL	2	
33	Chen-2013-888-34	村寨	村子	village			village	930	VILLAGE	2	
34	Chen-2013-888-35	集市		market				633	MARKET	2	
35	Chen-2013-888-36	桥	桥 ((*的)~)	bridge			bridge (vine)	1011	BRIDGE	2	
36	Chen-2013-888-37	坟墓	坟	tomb			tomb	1773	GRAVE	2	
37	Chen-2013-888-38	菜园	园子	garden (plot)			garden (plot)	586	GARDEN	2	
38	Chen-2013-888-39	篱笆	篱笆	fence (bamboo / twig)	fence (bamboo / twig)	fence (bamboo / twig)	fence (bamboo / twig)	1690	FENCE		
39	Chen-2013-888-40	人	人	human being	human being	human being	human being	683	PERSON	2	
40	Chen-2013-888-41	汉族		Han							add HAN
41	Chen-2013-888-42	族称		tribal name							
42	Chen-2013-888-43	小孩		child				2099	CHILD		
43	Chen-2013-888-44	老头儿	老头儿	old man	old man	old man	old man	406	OLD MAN		
44	Chen-2013-888-45	老太太	老太太	old lady	old lady	old lady	old lady	907	OLD WOMAN		
45	Chen-2013-888-46	姑娘	姑娘	girl	girl	girl	girl	1646	GIRL		
46	Chen-2013-888-47	瞎子	瞎子 ((双眼)~)				blind person (one eye) (note:+both_eyes)	457	BLIND PERSON	2	
47	Chen-2013-888-48	跛子	跛子	lame person	lame person	lame person	lame person	2322	LAME PERSON	2	
48	Chen-2013-888-49	聋子	聋子	deaf person	deaf person	deaf person	deaf person	458	DEAF PERSON	2	
49	Chen-2013-888-50	麻子									add POCKMARK
50	Chen-2013-888-51	哑巴		mute				1666	MUTE	2	
51	Chen-2013-888-52	孤儿	孤儿	orphan	orphan	orphan	orphan	1149	ORPHAN		
52	Chen-2013-888-53	独子		only son							
53	Chen-2013-888-54	客人	客人	guest	guest	guest	guest	1782	GUEST	2	
54	Chen-2013-888-55	朋友	朋友 ((男朋友互称))	friend			friend (male-to-male) (note:+male-male)	1325	FRIEND	2	
55	Chen-2013-888-56	木匠	木匠	carpenter	carpenter	carpenter	carpenter	1042	CARPENTER	2	
56	Chen-2013-888-57	贼	贼	thief	thief	thief	thief	1160	THIEF		
57	Chen-2013-888-58	名字	名字	name	name	name	name	1405	NAME	2	
58	Chen-2013-888-59	年纪	年纪	age	age	age	age	1789	AGE		
59	Chen-2013-888-60	影子	影子	shadow	shadow	shadow	shadow	1388	SHADE	2	
60	Chen-2013-888-61	力气	力气	strength (physical)	strength (physical)	strength (physical)	strength (physical)	202	STRENGTH	2	
61	Chen-2013-888-62	鬼	鬼	ghost / spirit	ghost / spirit	ghost / spirit	ghost / spirit	1175	GHOST	2	
62	Chen-2013-888-63	祖父	爷爷 ((对称))	grandfather (address) (note:+address)			grandfather (address) (note:+address)	1383	GRANDFATHER	2	
63	Chen-2013-888-64	祖母	奶奶 (亲~)	grandmother (address) (note:?)			grandmother (address) (note:?)	1496	GRANDMOTHER	2	
64	Chen-2013-888-65	父亲	父亲 ((引称))	father (reference) (note:+citation)			father (reference) (note:+citation)	1217	FATHER	2	
65	Chen-2013-888-66	母亲	母亲 ((引称))	mother (reference) (note:+citation)			mother (reference) (note:+citation)	1216	MOTHER	2	
66	Chen-2013-888-67	儿子	儿子 ((一般称谓))	son (intimate) (note:+citation)			son (intimate) (note:+citation)	1620	SON	2	
67	Chen-2013-888-68	儿媳	媳妇(儿~) ((引称))	daughter-in-law (address) (note:+citation)			daughter-in-law (address) (note:+citation)	1057	DAUGHTER-IN-LAW	2	
68	Chen-2013-888-69	女儿	女儿	daughter	daughter	daughter	daughter	1357	DAUGHTER	2	
69	Chen-2013-888-70	女婿	女婿 ((上门)~)	son-in-law			son-in-law (doesn't come calling) (note:+married_in)	1056	SON-IN-LAW	2	
70	Chen-2013-888-71	孙子	孙子	grandson	grandson	grandson	grandson	1618	GRANDSON	2	
71	Chen-2013-888-72	哥哥	哥哥	elder brother	elder brother	elder brother (reference by y. sister)||elder brother (reference)||elder brother (addressed by y. brother)||elder brother (addressed by y. sister)||elder brother (address)||elder brother||elder brother (reference by y. brother)	elder brother	1759	OLDER BROTHER	2	
72	Chen-2013-888-73	姐姐		elder sister				1758	OLDER SISTER	2	
73	Chen-2013-888-74	弟弟	弟弟	younger brother (address)	younger brother (address)	younger brother (address by o. sister)||younger brother (address by o. brother)||younger brother (reference)||younger brother (addressby o. sister)||younger brother (address)||younger brother	younger brother (address)	1760	YOUNGER BROTHER	2	
74	Chen-2013-888-75	妹妹		younger sister				1761	YOUNGER SISTER	2	
75	Chen-2013-888-76	嫂子		sister-in-law	sister-in-law			2695	SISTER-IN-LAW (OLDER BROTHER'S WIFE)	2	
76	Chen-2013-888-77	舅父	舅父	uncle (mother’s borther)	uncle (mother’s borther)		uncle (mother’s borther)	2692	MATERNAL UNCLE (MOTHER'S BROTHER)	2	
77	Chen-2013-888-78	舅母	"姨母 (同""舅母"")"	aunt (mother’s brother’s wife)	aunt (mother’s brother’s wife)		"aunt (mother's sister}} (= wife of mom's bro) (note:""mother's_brother's_wife"")"	2172	MATERNAL AUNT (WIFE OF MOTHER'S BROTHER)	2	
78	Chen-2013-888-79	丈夫	丈夫 ((引称))	husband (address) (note:+citation)			husband (address) (note:+citation)	1200	HUSBAND	2	
79	Chen-2013-888-80	妻子	妻子 ((引称))	wife (address) (note:+citation)			wife (address) (note:+citation)	1199	WIFE	2	
80	Chen-2013-888-81	身体	身体 (前身)	body (front) (note:+front)			body (front) (note:+front)	1480	BODY	2	
81	Chen-2013-888-82	头	头	head	head	head	head	1256	HEAD	2	
82	Chen-2013-888-83	头发		head hair	hair	hair		2648	HAIR (HEAD)	2	
83	Chen-2013-888-84	辫子	编(~辫子)	plait			plait	333	PLAIT	2	
84	Chen-2013-888-85	眉毛	眉毛	eyebrow	eyebrow	eyebrow	eyebrow	1173	EYEBROW	2	
85	Chen-2013-888-86	眼睛	眼睛	eye	eye	eye	eye	1248	EYE	2	
86	Chen-2013-888-87	鼻子	鼻子	nose	nose	nose	nose	1221	NOSE	2	
87	Chen-2013-888-88	耳朵	耳朵	ear	ear	ear	ear	1247	EAR	2	
88	Chen-2013-888-89	脸	脸 (一画)	face			face (self-respect)	1560	FACE	2	
89	Chen-2013-888-90	嘴，口	嘴 (口)	mouth (opening) (note:mouth  |  opening)			mouth (opening) (note:mouth  |  opening)	674	MOUTH		
90	Chen-2013-888-91	胡须	连鬓胡	beard			beard	678	BEARD		
91	Chen-2013-888-92	下巴	下巴	chin	chin	chin	chin	1510	CHIN	2	
92	Chen-2013-888-93	脖子	脖子 (颈部)	neck (back of, hindneck, nape) (note:+front)			neck (back of, hindneck, nape) (note:+front)	1333	NECK	2	
93	Chen-2013-888-94	肩膀	扛	shoulder	shoulder	shoulder	shoulder	1482	SHOULDER	2	
94	Chen-2013-888-95	背	背	back	back	back	back	1291	BACK	2	
95	Chen-2013-888-96	胸脯	箱子	chest / box / trunk			chest / box / trunk	1592	CHEST	2	
96	Chen-2013-888-97	肚子	肚子(腹部)	belly			belly	1251	BELLY	2	
97	Chen-2013-888-98	肚脐	肚脐	navel	navel	navel	navel	1838	NAVEL	2	
98	Chen-2013-888-99	腰	腰	waist	waist	waist	waist	1681	WAIST	2	
99	Chen-2013-888-100	屁股	屁股	buttocks	buttocks	buttocks	buttocks	834	BUTTOCKS	2	
100	Chen-2013-888-101	肛门	肛门	anus	anus	anus	anus	1935	ANUS		
101	Chen-2013-888-102	腿		leg				1297	LEG	2	
102	Chen-2013-888-103	脚	和(~泥) ((用脚)踩)	foot	foot	foot	mix (powder) with water (stomp w / feet)	1301	FOOT	2	
103	Chen-2013-888-104	手	手	hand	hand	hand	hand	1277	HAND	2	
104	Chen-2013-888-105	手指	手指	finger	finger	finger	finger	1303	FINGER	2	
105	Chen-2013-888-106	指甲		nail	nail	nail		1258	FINGERNAIL	2	
106	Chen-2013-888-107	拳	拳 ((实心的)~)	fist (solid) (note:-hollow)			fist (solid) (note:-hollow)	1473	FIST		
107	Chen-2013-888-108	皮肤	皮肤	skin	skin	skin	skin	763	SKIN	2	
108	Chen-2013-888-109	筋	筋	tendon / sinew	tendon / sinew	tendon / sinew	tendon / sinew	1137	TENDON	2	
109	Chen-2013-888-110	脑髓	脑髓	brains	brains	brains	brains	1583	BRAIN		
110	Chen-2013-888-111	骨头	骨头	bone	bone	bone	bone	1394	BONE	2	
111	Chen-2013-888-112	牙齿	牙齿	tooth	tooth	tooth	tooth	1380	TOOTH	2	
112	Chen-2013-888-113	舌	舌头	tongue			tongue	1205	TONGUE	2	
113	Chen-2013-888-114	喉咙	喉咙	throat	throat	throat	throat	1346	THROAT	2	
114	Chen-2013-888-115	肺	肺	lung	lung	lung	lung	688	LUNG	2	
115	Chen-2013-888-116	心脏	心脏	heart	heart	heart	heart	1223	HEART	2	
116	Chen-2013-888-117	肝	肝	liver	liver	liver	liver	1224	LIVER	2	
117	Chen-2013-888-118	胃	胃 ((牛,羊)~)	stomach			stomach (cow, goat) (note:+livestock {lit. cow, sheep})	819	STOMACH	2	
118	Chen-2013-888-119	胆		gall bladder	gall bladder	gall bladder					add Gallbladder
119	Chen-2013-888-120	血	血	blood	blood	blood	blood	946	BLOOD	2	
120	Chen-2013-888-121	奶汁	奶汁	milk	milk	milk||milk (cow's)	milk	635	MILK		
121	Chen-2013-888-122	屎	屎	excrement	excrement	excrement	excrement	675	FAECES (EXCREMENT)	2	
122	Chen-2013-888-123	肠子	肠子	intestine	intestine	intestine	intestine	1991	INTESTINES	2	
123	Chen-2013-888-124	尿	尿	urine	urine	urine	urine	1142	URINE	2	
124	Chen-2013-888-125	汗		sweat	sweat	sweat		2458	PERSPIRE OR SWEAT	2	
125	Chen-2013-888-126	口水	口水	saliva	saliva	saliva	saliva	1503	SALIVA	2	
126	Chen-2013-888-127	鼻涕	鼻涕	mucus (nasal)	mucus (nasal)	mucus (nasal)	mucus (nasal)	208	NASAL MUCUS (SNOT)	2	
127	Chen-2013-888-128	眼泪	眼泪	tears	tears	tears	tears	1651	TEAR (OF EYE)	2	
128	Chen-2013-888-129	脓	脓	pus	pus	pus	pus	1808	PUS	2	
129	Chen-2013-888-130	牛	母牛	cow	cattle	cattle	cow	1007	COW	2	
130	Chen-2013-888-131	水牛		buffalo	buffalo	buffalo		2516	WATER BUFFALO	2	
131	Chen-2013-888-132	黄牛	牛	cattle			cattle	1153	CATTLE	2	
132	Chen-2013-888-133	母牛	母牛	cow	cow	cow	cow	1007	COW	2	
133	Chen-2013-888-134	公牛	公牛	bull	bull	bull	bull	1008	BULL	2	
134	Chen-2013-888-135	牛犊		young cattle							
135	Chen-2013-888-136	（牛）角	犄角	horn			horn	1393	HORN (ANATOMY)	4	
136	Chen-2013-888-137	蹄	蹄 (奇数~)	hoof (odd number) (note:+odd_toed)			hoof (odd number) (note:+odd_toed)	152	HOOF	2	
137	Chen-2013-888-138	皮	皮肤	skin			skin	763	SKIN	2	
138	Chen-2013-888-139	毛		hair				580	FUR	2	
139	Chen-2013-888-140	尾巴	尾巴	tail	tail	bee||tail	tail	1220	TAIL	2	
140	Chen-2013-888-141	马	岁口(一~牛、马) ((马的)~)	horse		horse	classifier for age of animals (cows) (note:+horse)	615	HORSE	2	
141	Chen-2013-888-142	羊		sheep (general)	sheep (general)	sheep (general)		2684	CAPRINE (GOAT OR SHEEP)	2	
142	Chen-2013-888-143	猪	猪	pig	pig	pig	pig	1337	PIG	2	
143	Chen-2013-888-144	狗	猎狗	dog	dog	dog	hound	2009	DOG	2	
144	Chen-2013-888-145	猫	猫	cat	cat	cat	cat	1208	CAT	2	
145	Chen-2013-888-146	兔子		rabbit	rabbit	rabbit		2345	LEPORID (RABBIT OR HARE)	2	
146	Chen-2013-888-147	鸡	鸡	chicken	chicken	chicken	chicken	1318	CHICKEN	2	
147	Chen-2013-888-148	公鸡	公鸡	cock	cock	cock	cock	1511	ROOSTER	2	
148	Chen-2013-888-149	母鸡	母鸡	hen	hen	hen	hen	1514	HEN	2	
149	Chen-2013-888-150	鸡冠		cockscomb	cockscomb	cockscomb					add cockscomb
150	Chen-2013-888-151	爪子	爪子	claw / talon	claw / talon	claw / talon||claw / talon (chicken's rear claws)	claw / talon	72	CLAW	2	
151	Chen-2013-888-152	翅膀	翅膀	wing	wing	wing	wing	1257	WING	2	
152	Chen-2013-888-153	鸭子	鸭子 (家鸭)	duck (domestic) (note:+domestic)			duck (domestic) (note:+domestic)	1360	DUCK	2	
153	Chen-2013-888-154	鹅	大雁	goose (wild)	goose	goose	goose (wild)	1187	GOOSE	2	
154	Chen-2013-888-155	鸽子	斑鸠	turtledove	dove	dove	turtledove	1853	DOVE	2	
155	Chen-2013-888-156	老虎	老虎	tiger	tiger	tiger	tiger	846	TIGER	2	
156	Chen-2013-888-157	猴子	猴子	monkey	monkey	monkey	monkey	1350	MONKEY	2	
157	Chen-2013-888-158	熊	熊	bear	bear	bear	bear	1820	BEAR	2	
158	Chen-2013-888-159	野猪	野猪	boar (wild)	boar (wild)	boar (wild)	boar (wild)	1348	BOAR	2	
159	Chen-2013-888-160	穿山甲		pangolin				2508	PANGOLIN		
160	Chen-2013-888-161	老鼠		mouse	mouse	mouse		2139	MUROID (MOUSE OR RAT)	2	
161	Chen-2013-888-162	黄鼠狼		weasel (yellow)	weasel (yellow)	weasel (yellow)					
162	Chen-2013-888-163	狐狸	狐狸	fox	fox	fox	fox	1312	FOX	2	
163	Chen-2013-888-164	鸟	鸟	bird	bird	bird	bird	937	BIRD	2	
164	Chen-2013-888-165	鸟窝	鸟窝	nest (bird)	nest (bird)	nest (bird)	nest (bird)	539	NEST		
165	Chen-2013-888-166	老鹰	雕	kite (black-eared) / hawk	kite (black-eared) / hawk	kite (black-eared) / hawk	eagle / vulture	1905	EAGLE	2	
166	Chen-2013-888-167	猫头鹰	猫头鹰	owl	owl	owl	owl	735	OWL		
167	Chen-2013-888-168	燕子	燕子	swallow	swallow	swallow	swallow	3077	SWALLOW (BIRD)	2	
168	Chen-2013-888-169	麻雀	麻雀	sparrow	sparrow	sparrow	sparrow	1854	SPARROW	2	
169	Chen-2013-888-170	乌鸦	乌鸦	crow	crow	crow||pheasant	crow	913	CROW	2	
170	Chen-2013-888-171	野鸡	野鸡	pheasant	pheasant	pheasant (short-tailed)||pheasant||pheasant (long-tailed)	pheasant	3060	PHEASANT		
171	Chen-2013-888-172	斑鸠	斑鸠	turtledove	turtledove	turtledove	turtledove	1853	DOVE	2	
172	Chen-2013-888-173	啄木鸟	啄木鸟	woodpecker	woodpecker	woodpecker	woodpecker	2447	WOODPECKER		
173	Chen-2013-888-174	蛇	蛇	snake	snake	snake	snake	730	SNAKE	2	
174	Chen-2013-888-175	青蛙	青蛙	frog	frog	frog	frog	503	FROG	2	
175	Chen-2013-888-176	鱼	鱼	fish	fish	fish	fish	227	FISH	2	
176	Chen-2013-888-177	鳞	鳞	scale	scale	scale	scale	266	SCALE		
177	Chen-2013-888-178	黄鳝		eel							
178	Chen-2013-888-179	泥鳅		loach							
179	Chen-2013-888-180	虾		shrimp				2349	SHRIMP		
180	Chen-2013-888-181	螃蟹		crab				2348	CRAB	2	
181	Chen-2013-888-182	螺蛳		spiral shell							add water snail
182	Chen-2013-888-183	蚂蟥	蚂蟥	leech	leech	leech||leech (water)||leech (mountain, arid area)	leech	2273	LEECH		
183	Chen-2013-888-184	虫		bug				1027	BUG	2	
184	Chen-2013-888-185	臭虫	臭虫	bedbug	bedbug	bedbug	bedbug	1949	BEDBUG	2	
185	Chen-2013-888-186	虱子	虱	louse			louse	1392	LOUSE	2	
186	Chen-2013-888-187	苍蝇	苍蝇	fly	fly	fly	fly	1504	FLY (INSECT)	2	
187	Chen-2013-888-188	蛆		maggot				2640	LARVA	2	
188	Chen-2013-888-189	蚊子	蚊子 ((较大的)~)	mosquito (relatively small) (note:+larger)			mosquito (relatively small) (note:+larger)	1509	MOSQUITO	2	
189	Chen-2013-888-190	蜘蛛	蜘蛛	spider	spider	spider	spider	843	SPIDER	2	
190	Chen-2013-888-191	蚯蚓	蚯蚓	earthworm	earthworm	earthworm	earthworm	2350	EARTHWORM	2	
191	Chen-2013-888-192	蛔虫		roundworms							add roundworms
192	Chen-2013-888-193	蚂蚁	蚂蚁	ant	ant	ant	ant	587	ANT	2	
193	Chen-2013-888-194	蜜蜂	蜜蜂	bee	bee	bee	bee	665	BEE	2	
194	Chen-2013-888-195	马蜂		wasp				1517	WASP		
195	Chen-2013-888-196	马蜂窝		Hornet`s nest							
196	Chen-2013-888-197	螳螂		mantis							add mantis
197	Chen-2013-888-198	蜻蜓	蜻蜓	dragonfly	dragonfly	dragonfly	dragonfly	2352	DRAGONFLY	2	
198	Chen-2013-888-199	蝴蝶	蝴蝶	butterfly	butterfly	butterfly	butterfly	1791	BUTTERFLY	2	
199	Chen-2013-888-200	树	树	tree	tree	tree	tree	906	TREE	2	
200	Chen-2013-888-201	树干	树干	trunk	trunk	tree||trunk	trunk	344	TREE TRUNK		
201	Chen-2013-888-202	樹枝	树枝	branch / twig			branch / twig	1531	BRANCH		
202	Chen-2013-888-203	树梢		tree top							
203	Chen-2013-888-204	树根	根	root			root	670	ROOT		
204	Chen-2013-888-205	叶子	叶子	leaf	leaf	leaf	leaf	628	LEAF	2	
205	Chen-2013-888-206	花	花	flower	flower	flower	flower	239	FLOWER	2	
206	Chen-2013-888-207	果子	"水果 (""梨桃杏"")"	"fruit (lit. 'pear peach apricot') (note:""plum-peach-apricot"")"			"fruit (lit. 'pear peach apricot') (note:""plum-peach-apricot"")"	1507	FRUIT		
207	Chen-2013-888-208	芽	蓓蕾	bud			bud	1684	BUD	2	
208	Chen-2013-888-209	杉树		fir (China) (mid-elevation 'hanging' fir)			fir (China) (mid-elevation 'hanging' fir)	1915	FIR	2	
209	Chen-2013-888-210	松树	松树 ((老人语))	pine (said by youth) (note:+elderly{speech})			pine (said by youth) (note:+elderly{speech})	1740	PINE	2	
210	Chen-2013-888-211	桃	桃子	peach			peach	2043	PEACH		
211	Chen-2013-888-212	李子		plum							
212	Chen-2013-888-213	梨	梨 ((小黄)~)	pear (flat: Ch. 'bian3 li2') (note:+small +yellow)			pear (flat: Ch. 'bian3 li2') (note:+small +yellow)	922	PEAR	2	
213	Chen-2013-888-214	橘子		orange				2627	ORANGE (FRUIT)		
214	Chen-2013-888-215	柿子	柿子	persimmon	persimmon	persimmon (big)||persimmon||persimmon (small)||persimmon (dried)||persimmon (fresh)	persimmon	2044	PERSIMMON	2	
215	Chen-2013-888-216	葡萄	葡萄	grape	grape	grape	grape	920	GRAPE	2	
216	Chen-2013-888-217	竹子	竹子 (粗~)	bamboo (thick, coarse) (note:+thick)			bamboo (thick, coarse) (note:+thick)	1927	BAMBOO	2	
217	Chen-2013-888-218	藤子	藤子 (藤竹)	cane / vine (tendrilled) (note:+bamboo)			cane / vine (tendrilled) (note:+bamboo)	2497	RATTAN		
218	Chen-2013-888-219	苎麻		ramie				3063	RAMIE	2	
219	Chen-2013-888-220	刺	刺儿	thorn / splinter			thorn / splinter	124	THORN	2	
220	Chen-2013-888-221	水稻	水田	paddy field	rice (paddy)	rice (paddy)	paddy field	429	SWIDDEN FIELD	2	
221	Chen-2013-888-222	种子	种子	seed	seed	seed	seed	714	SEED	2	
222	Chen-2013-888-223	秧	秧	seedling (rice)	seedling (rice)	seedling (rice)	seedling (rice)	3050	SEEDLING		
223	Chen-2013-888-224	包谷		maize							
224	Chen-2013-888-225	高粱		sorghum				347	SORGHUM	2	
225	Chen-2013-888-226	粟	粮食	foodstuff / grain			foodstuff / grain	605	GRAIN		
226	Chen-2013-888-227	菜	蔬菜	vegetable			vegetable	924	VEGETABLES	2	
227	Chen-2013-888-228	白菜		cabbage				774	CABBAGE	2	
228	Chen-2013-888-229	油菜		rape							
229	Chen-2013-888-230	韭菜		chives							
230	Chen-2013-888-231	萝卜		radish	radish	radish		3062	TURNIP	2	
231	Chen-2013-888-232	芋头		taro				351	TARO	2	
232	Chen-2013-888-233	茄子		egg plant				1146	AUBERGINE	2	
233	Chen-2013-888-234	辣椒	辣椒	pepper (hot) / chili	pepper (hot) / chili	pepper (hot) / chili	pepper (hot) / chili	919	CHILI PEPPER	2	
234	Chen-2013-888-235	葱	葱	onion / scallion	onion / scallion	onion / scallion	onion / scallion	2366	ONION	2	
235	Chen-2013-888-236	蒜	蒜	garlic	garlic	garlic	garlic	2368	GARLIC	2	
236	Chen-2013-888-237	姜	姜	ginger	ginger	ginger	ginger	2500	GINGER		
237	Chen-2013-888-238	红薯		sweet potato				159	SWEET POTATO		
238	Chen-2013-888-239	笋		bamboo shoot				2494	BAMBOO SHOOT		
239	Chen-2013-888-240	瓜		melon / gourd	melon / gourd	melon / gourd		507	MELON	2	
240	Chen-2013-888-241	瓜藤		melon vine				343	VINE		
241	Chen-2013-888-242	瓜子									
242	Chen-2013-888-243	南瓜	南瓜	pumpkin	pumpkin	pumpkin	pumpkin	864	PUMPKIN	2	
243	Chen-2013-888-244	西瓜		water melon				2766	WATERMELON	2	
244	Chen-2013-888-245	黄瓜	黄瓜	cucumber	cucumber	cucumber	cucumber	496	CUCUMBER	2	
245	Chen-2013-888-246	葫芦	瓜	melon / gourd			melon / gourd	411	GOURD		
246	Chen-2013-888-247	冬瓜	瓜	melon / gourd			melon / gourd	411	GOURD	2	
247	Chen-2013-888-248	豆		pea / bean	pea / bean	pea / bean		832	BEAN	2	
248	Chen-2013-888-249	黄豆		soya bean	soya bean	soya bean		2027	SOYA	2	
249	Chen-2013-888-250	豇豆		cowpea							
250	Chen-2013-888-251	花生	花生	peanut	peanut	peanut	peanut	2364	PEANUT	2	
251	Chen-2013-888-252	芝麻	芝麻	sesame	sesame	sesame	sesame	2797	SESAME		
252	Chen-2013-888-253	草	草 (小~)	grass (not eaten by draught animals) (note:+small)			grass (not eaten by draught animals) (note:+small)	606	GRASS	2	
253	Chen-2013-888-254	茅草		thatch				279	THATCH		
254	Chen-2013-888-255	蓝靛苗		Indigo Miao (a tribe name, they are Yao people)							
255	Chen-2013-888-256	蕨菜									add Bracken
256	Chen-2013-888-257	蘑菇	"木耳 (""老人耳朵"")"	mushroom	mushroom	mushroom||mushroom (white)||mushroom (yellow)	"fungus (edible) (lit. 'mouse's ear') (note:""old-person ear"")"	641	MUSHROOM	2	
257	Chen-2013-888-258	木耳		"fungus (edible) (lit. 'mouse's ear') (note:""old-person ear"")"							a kind of fungus. for eating
258	Chen-2013-888-259	米	谷粒	rice	rice	rice	rice (unhusked)	926	RICE	2	
259	Chen-2013-888-260	糯米		rice (glutinous)	rice (glutinous)	rice (glutinous)		2750	GLUTINOUS RICE	2	
260	Chen-2013-888-261	饭	熟(饭~)	cooked, be (rice) / done			cooked, be (rice) / done	1191	COOKED RICE	2	
261	Chen-2013-888-262	粥		congee				2049	CONGEE	2	
262	Chen-2013-888-263	粑粑		Baba (think, round heavy bread)							add Baba
263	Chen-2013-888-264	面粉	面粉	flour	flour	flour	flour	1594	FLOUR	2	
264	Chen-2013-888-265	肉		meat	meat	meat		2615	FLESH OR MEAT	2	
265	Chen-2013-888-266	牛肉		beef				2570	BEEF		
266	Chen-2013-888-267	羊肉		lamb							add lamb meat
267	Chen-2013-888-268	猪肉		pork				2769	PORK		
268	Chen-2013-888-269	肥肉		meat (with fat)				2449	FAT (OF MEAT AND FOOD)	2	
269	Chen-2013-888-270	瘦肉		meat (lean)	meat (lean)	meat (lean)		2219	LEAN (MEAT)		
270	Chen-2013-888-271	猪油						2557	PIG FAT	2	
271	Chen-2013-888-272	菜油	清油	oil (vegetable)			oil (vegetable)	2555	OIL (FROM PLANTS)		
272	Chen-2013-888-273	盐	盐	salt	salt	salt	salt	1274	SALT	2	
273	Chen-2013-888-274	糖	糖	sugar	sugar	sugar (honey)||sugar (brown)||sugar	sugar	862	SUGAR	2	
274	Chen-2013-888-275	白糖		refined sugar							add white sugar
275	Chen-2013-888-276	红糖		brown sugar						2	add brown sugar
276	Chen-2013-888-277	蛋	蛋(鸡~)	egg			egg	744	EGG	2	
277	Chen-2013-888-278	蛋白		egg white							
278	Chen-2013-888-279	蛋黄		egg yolk				1556	YOLK		
279	Chen-2013-888-280	壳儿		shell				598	SHELL		
280	Chen-2013-888-281	豆腐		tofu, make out of soybean							
281	Chen-2013-888-282	汤	汤 (菜~)	soup			soup (vegetable) (note:+vegetable)	1547	SOUP	2	
282	Chen-2013-888-283	酒		alcoholic beverages				404	ALCOHOL (FERMENTED DRINK)	2	
283	Chen-2013-888-284	茶	茶	tea	tea	tea	tea	1373	TEA	2	
284	Chen-2013-888-285	茶叶		tea leaf							add tea leaf
285	Chen-2013-888-286	甜酒		liqueur				842	LIQUOR		
286	Chen-2013-888-287	开水		water (boiled)	water (boiled)	water (boiled)					
287	Chen-2013-888-288	药	药	medicine	medicine	medicine	medicine	1372	MEDICINE	2	
288	Chen-2013-888-289	糠		chaff / bran	chaff / bran	chaff / bran||chaff / bran (wheat)||chaff / bran (highland barley)		2363	CHAFF (HUSK)	2	
289	Chen-2013-888-290	棉花	棉花	cotton	cotton	cotton	cotton	1850	COTTON	2	
290	Chen-2013-888-291	纱		yarn							add muslin
291	Chen-2013-888-292	布	氆氇	cloth	cloth	cloth	cloth (Tibetan, woollen)	1616	CLOTH	2	
292	Chen-2013-888-293	衣	衣服	clothing / garment			clothing / garment	1895	CLOTHES		
293	Chen-2013-888-294	棉衣		cotton clothes							
294	Chen-2013-888-295	衣领	衣领	collar	collar	collar	collar	2012	COLLAR		
295	Chen-2013-888-296	袖子	衣袖	sleeve			sleeve	2953	SLEEVE	2	
296	Chen-2013-888-297	扣子	扣子	button	button	pants / trousers||button	button	757	BUTTON		
297	Chen-2013-888-298	衣袋		cloth pocket				1851	POCKET		
298	Chen-2013-888-299	裤子	裤子 (男裤)	pants			pants / trousers (female's) (note:+male)	809	TROUSERS	2	
299	Chen-2013-888-300	裙子		skirt				1600	SKIRT	2	
300	Chen-2013-888-301	头巾		headscarf				3066	SCARF OR TURBAN	2	
301	Chen-2013-888-302	帽子	帽子 (男帽)	hat			hat (men's) (note:+male)	771	HAT	2	
302	Chen-2013-888-303	裹腿布									
303	Chen-2013-888-304	鞋	鞋	shoe	shoe	shoe	shoe	1381	SHOE	2	
304	Chen-2013-888-305	草鞋						2047	STRAW SANDAL	2	
305	Chen-2013-888-306	袜子	袜子	sock / stocking	sock / stocking	sock / stocking	sock / stocking	1522	SOCK	2	
306	Chen-2013-888-307	蓑衣	蓑衣	cape (for rain, of straw or palm bark)	cape (for rain, of straw or palm bark)	cape (for rain, of straw or palm bark)	cape (for rain, of straw or palm bark)	1662	CAPE	2	
307	Chen-2013-888-308	斗笠		Asian conical hat				2160	BAMBOO HAT	2	
308	Chen-2013-888-309	被子		quilt				2048	QUILT	2	
309	Chen-2013-888-310	枕头	垫子	pad / cushion	pillow	pillow	pad / cushion	1044	PILLOW	2	
310	Chen-2013-888-311	席子	席子 (草~)	mat (woven bamboo) (note:+straw)			mat (woven bamboo) (note:+straw)	195	MAT	2	
311	Chen-2013-888-312	蚊帐		mosquito net				2795	MOSQUITO NET	2	
312	Chen-2013-888-313	棉絮									add batting
313	Chen-2013-888-314	房子	楼房	house	house	house	building	1252	HOUSE	2	
314	Chen-2013-888-315	瓦房		tile-roofed house							
315	Chen-2013-888-316	草房		thatched cottage							
316	Chen-2013-888-317	厨房	厨房	kitchen	kitchen	kitchen	kitchen	1365	KITCHEN	2	
317	Chen-2013-888-318	厕所		toilet				219	TOILET	2	
318	Chen-2013-888-319	仓库	淌(~泪)	warehouse / storehouse	warehouse / storehouse	warehouse / storehouse	shed (tears)	3025	BARN OR SHED	2	
319	Chen-2013-888-320	牛圈		shed (cow) / fence (ox)	shed (cow) / fence (ox)	shed (cow) / fence (ox)		2949	LAIR		
320	Chen-2013-888-321	门	门	door	door	door	door	1567	DOOR	2	
321	Chen-2013-888-322	砖	砖	brick	brick	brick	brick	1006	BRICK	2	
322	Chen-2013-888-323	瓦		tile	tile	shingle||tile					add tile
323	Chen-2013-888-324	墙	墙	wall (earthen, cob wall)	wall (earthen, cob wall)	wall (earthen, cob wall)||wall (stone)||wall	wall (earthen, cob wall)	933	WALL (OF HOUSE)	2	
324	Chen-2013-888-325	楼									
325	Chen-2013-888-326	窗子	窗子	window	window	window	window	1375	WINDOW	2	
326	Chen-2013-888-327	木头	木头	wood / log	wood / log	wood / log	wood / log	1803	WOOD	2	
327	Chen-2013-888-328	木板	木板 (小~)	plank / board (coffin) (note:+small)			plank / board (coffin) (note:+small)	1227	BOARD		
328	Chen-2013-888-329	柱子	柱子	pillar / column	pillar / column	pillar / column	pillar / column	2045	COLUMN	2	
329	Chen-2013-888-330	台阶	步(走一~)	step / stride	flight of steps	flight of steps	step / stride	1158	STEP		
330	Chen-2013-888-331	船	船 (木船)	boat / ship (wooden) (note:+wooden)			boat / ship (wooden) (note:+wooden)	1844	BOAT	2	
331	Chen-2013-888-332	车		car				1111	CAR		
332	Chen-2013-888-333	马鞍	马鞍	saddle	saddle	saddle	saddle	3065	SADDLE		
333	Chen-2013-888-334	鞭子	抽打	whip /			whip /	2630	WHIP	2	
334	Chen-2013-888-335	伞	"伞 (""布帽子"")"	"umbrella (lit. 'cloth hat') (note:""cloth hat"")"			"umbrella (lit. 'cloth hat') (note:""cloth hat"")"	3105	UMBRELLA		
335	Chen-2013-888-336	斧子	斧头	axe			axe	677	AXE		
336	Chen-2013-888-337	柴刀		chopper	chopper	chopper		2680	MACHETE		
337	Chen-2013-888-338	锤子	锤子	hammer	hammer	hammer||hammer (small)||hammer (big)	hammer	1481	HAMMER		
338	Chen-2013-888-339	凿子	凿	chisel / bore (a hole)			chisel / bore (a hole)	1979	CHISEL		
339	Chen-2013-888-340	锯子	锯	saw	saw	saw	saw	1948	SAW	2	
340	Chen-2013-888-341	锉子									
341	Chen-2013-888-342	锥子	锥子	awl	awl	awl	awl	278	AWL		
342	Chen-2013-888-343	刨子		plane (tool)	plane (tool)	plane (tool)					
343	Chen-2013-888-344	钳子									
344	Chen-2013-888-345	犁	犁	plow	plow	plow	plow	2154	PLOUGH (INSTRUMENT)	2	
345	Chen-2013-888-346	耙	耙	rake	rake	rake (iron-toothed)||rake (wooden)||rake	rake	338	RAKE	4	
346	Chen-2013-888-347	钉耙	耙	rake			rake	338	RAKE		
347	Chen-2013-888-348	锄头	锄头 (小锄)	hoe (pointed) (note:+small)			hoe (pointed) (note:+small)	284	HOE	2	
348	Chen-2013-888-349	扁担		pole (carrying / shoulder)	pole (carrying / shoulder)	pole (carrying / shoulder)					
349	Chen-2013-888-350	绳子	绳子	rope / string	rope / string	rope / string	rope / string	1218	ROPE	2	
350	Chen-2013-888-351	镰刀	镰刀	sickle	sickle	sickle||net	sickle	341	SICKLE	2	
351	Chen-2013-888-352	麻袋	包(一~东西)	parcel / sack (of things)			parcel / sack (of things)	2990	SACK		
352	Chen-2013-888-353	箩筐	背篓	basket carried on the back			basket carried on the back	1539	BASKET	2	
353	Chen-2013-888-354	织布机	织布机	loom	loom	loom	loom	1787	LOOM	2	
354	Chen-2013-888-355	纺车		Spinning wheel							
355	Chen-2013-888-356	弓	弓	bow (for arrow)	bow (for arrow)	bow (for arrow)	bow (for arrow)	994	BOW	2	
356	Chen-2013-888-357	箭	箭	arrow	arrow	arrow (poison, bamboo)||arrow||arrow (poison, with iron clusters)	arrow	977	ARROW	2	
357	Chen-2013-888-358	锍									
358	Chen-2013-888-359	火药	火药	gunpowder	gunpowder	gunpowder	gunpowder	1798	GUNPOWDER	2	
359	Chen-2013-888-360	风箱									add bellows
360	Chen-2013-888-361	网		net	net	net		2653	NET (FOR CATCHING)	4	
361	Chen-2013-888-362	囱		chiney				1305	CHIMNEY		
362	Chen-2013-888-363	石磨	磨(石~) (水~)	millstones (small mill) (note:water-mill)			millstones (small mill) (note:water-mill)	636	MILL		
363	Chen-2013-888-364	筛子	筛(~米)	sieve / sift			sieve / sift	86	SIEVE	2	
364	Chen-2013-888-365	簸箕		fan (winnowing)	fan (winnowing)	fan (winnowing)		2051	DUSTPAN	2	
365	Chen-2013-888-366	钩子	钩	hook			hook	1071	HOOK	2	
366	Chen-2013-888-367	床	床	bed	bed	bed||bed (without bedding)||bed (with bedding)	bed	1663	BED	2	
367	Chen-2013-888-368	桌子	桌子 ((青年语))	table 			table (word used by elderly) (note:younger{language})	1775	TABLE	2	
368	Chen-2013-888-369	椅子		chair				1476	CHAIR	2	
369	Chen-2013-888-370	凳子		stool / bench	stool / bench	stool / bench		2058	STOOL	2	
370	Chen-2013-888-371	箱子	盒子	chest / box / trunk	chest / box / trunk	chest / box / trunk	box / case	1465	BOX	2	
371	Chen-2013-888-372	柜子		cupboard / cabinet	cupboard / cabinet	cupboard / cabinet					add cabinet
372	Chen-2013-888-373	架子		shelf				745	SHELF		
373	Chen-2013-888-374	扫帚	扫帚	broom	broom	broom	broom	245	BROOM	2	
374	Chen-2013-888-375	刷子		brush				1821	BRUSH	2	
375	Chen-2013-888-376	柴	柴	firewood	firewood	firewood	firewood	10	FIREWOOD	2	
376	Chen-2013-888-377	灶	灶	stove (cooking) / range (kitchen)	stove (cooking) / range (kitchen)	wok (large, iron) / pan||stove (cooking) / range (kitchen)	stove (cooking) / range (kitchen)	859	STOVE	2	
377	Chen-2013-888-378	锅	炒菜锅	wok (frying)			wok (frying)	2056	WOK	2	
378	Chen-2013-888-379	甑子		rice steamer							
379	Chen-2013-888-380	菜刀		vegetable knife				2772	VEGETABLE KNIFE	2	
380	Chen-2013-888-381	碗	碗(一~饭)	bowl			bowl (of cooked rice)	1530	BOWL	2	
381	Chen-2013-888-382	筷子	筷子 ((青年语))	chopsticks			chopsticks (term used by old people) (note:younger{language})	1987	CHOPSTICKS	2	
382	Chen-2013-888-383	勺子	匙(调羹)	spoon			spoon	1378	SPOON	2	
383	Chen-2013-888-384	酒杯		wine glass							
384	Chen-2013-888-385	坛子		jar (earthen)	jar (earthen)	jar (earthen)					add jar
385	Chen-2013-888-386	水缸		water tank							
386	Chen-2013-888-387	水桶		bucket	bucket	bucket (for carrying water on back)||bucket (red copper)||bucket					
387	Chen-2013-888-388	罐子		pot / jar / tin	pot / jar / tin	pot / jar / tin (big)||bottle||pot / jar / tin (earthenware)||pot / jar / tin (water)||pot / jar / tin (copper)||pot / jar / tin		1051	CAN		
388	Chen-2013-888-389	水瓢									
389	Chen-2013-888-390	火钳	火钳	tongs (fire)	tongs (fire)	tongs (fire)	tongs (fire)	272	TONGS		
390	Chen-2013-888-391	吹火筒									
391	Chen-2013-888-392	篮子	背篓	basket carried on the back			basket carried on the back	1539	BASKET		
392	Chen-2013-888-393	背带						2973	STRAP		
393	Chen-2013-888-394	扇子						1971	FAN (OBJECT)	2	
394	Chen-2013-888-395	秤						2783	SCALES (MEASURE INSTRUMENT)	2	
395	Chen-2013-888-396	尺子		ruler (measure)	ruler (measure)	ruler (measure)					
396	Chen-2013-888-397	针	针	needle	needle	needle	needle	1382	NEEDLE (FOR SEWING)	2	
397	Chen-2013-888-398	剪刀	剪子	scissors			scissors	356	SHEARS	2	
398	Chen-2013-888-399	梯子	梯子	ladder	ladder	ladder	ladder	1464	LADDER	2	
399	Chen-2013-888-400	锁	锁(~门)	lock (the door)	lock	lock	lock (the door)	1596	LOCK	2	
400	Chen-2013-888-401	钥匙	钥匙	key	key	key	key	1472	KEY	2	
401	Chen-2013-888-402	灯	灯	light / lamp	light / lamp	light / lamp (pine torch)||light / lamp||light / lamp (butter)||light / lamp (oil)	light / lamp	625	LAMP	2	
402	Chen-2013-888-403	灯笼		lantern							
403	Chen-2013-888-404	镜子	镜子	mirror	mirror	mirror	mirror	1171	MIRROR	2	
404	Chen-2013-888-405	耳环	耳环 (大~)	earrings			earrings (small) (note:+large)	770	EARRING	2	
405	Chen-2013-888-406	手镯	手镯	bracelet	bracelet	bracelet	bracelet	1754	BRACELET	2	
406	Chen-2013-888-407	梳子	梳子	comb	comb	comb	comb	1475	COMB	2	
407	Chen-2013-888-408	棺材		coffin				2011	COFFIN	2	
408	Chen-2013-888-409	钱	"钱(货币) (""贝壳"")"	"money (lit. 'conch shell') (note:""shells"")"			"money (lit. 'conch shell') (note:""shells"")"	1559	MONEY	2	
409	Chen-2013-888-410	货物		goods / merchandise	goods / merchandise	goods / merchandise||interest (financial)		1082	MERCHANT 		
410	Chen-2013-888-411	鼓	鼓 (小手~)	drum (big) (note:+small)			drum (big) (note:+small)	908	DRUM	2	
411	Chen-2013-888-412	锣	锣	gong	gong	gong	gong	2502	GONG	2	
412	Chen-2013-888-413	钟	铃 ((庙里挂的)~)	chime	chime	chime	bell (small) (note:+temple)	2246	BELL	2	
413	Chen-2013-888-414	喇叭						775	TRUMPET		
414	Chen-2013-888-415	香	香(气味~)	fragrant			fragrant	376	FRAGRANT	2	
415	Chen-2013-888-416	蜡烛						1273	CANDLE	2	
416	Chen-2013-888-417	话	话	speech / words	speech / words	speech / words	speech / words	1115	SPEECH	2	
417	Chen-2013-888-418	歌	歌 (山~)	song (folk, sung in fields during or after work)			song (folk, sung in fields during or after work)	1096	SONG	2	
418	Chen-2013-888-419	故事	层(两~楼)	story (of building)	story	story	story (of building)	2060	STORY	2	
419	Chen-2013-888-420	谜语	谜语	riddle	riddle	riddle	riddle	2970	RIDDLE		
420	Chen-2013-888-421	笔	笔 (竹~)	pen (writing instrument) (brush) (note:+bamboo)			pen (writing instrument) (brush) (note:+bamboo)	794	PEN	2	
421	Chen-2013-888-422	书	书 ((藏式长条)~)	book (Tibetan style long strips) (note:+Tibetan_scroll)			book (Tibetan style long strips) (note:+Tibetan_scroll)	963	BOOK	2	
422	Chen-2013-888-423	纸	纸	paper	paper	paper	paper	648	PAPER	2	
423	Chen-2013-888-424	信	信	letter	letter	letter	letter	1612	LETTER	2	
424	Chen-2013-888-425	球		ball				1845	BALL	2	
425	Chen-2013-888-426	旗子		flag				2623	FLAG	2	
426	Chen-2013-888-427	牌		card				2619	CARD		
427	Chen-2013-888-428	一	亩(一~)	one	one	one	hectare, 1 / 15 of	1493	ONE	2	
428	Chen-2013-888-429	二	二	two	two	two	two	1498	TWO	2	
429	Chen-2013-888-430	三	三	three	three	three	three	492	THREE	2	
430	Chen-2013-888-431	四	四	four	four	four	four	1500	FOUR	2	
431	Chen-2013-888-432	五	五	five	five	five	five	493	FIVE	2	
432	Chen-2013-888-433	六	六	six	six	six	six	1703	SIX	2	
433	Chen-2013-888-434	七	七	seven	seven	seven	seven	1704	SEVEN	2	
434	Chen-2013-888-435	八	八	eight	eight	eight	eight	1705	EIGHT	2	
435	Chen-2013-888-436	九	九	nine	nine	nine	nine	1483	NINE	2	
436	Chen-2013-888-437	十	十	ten	ten	ten	ten	1515	TEN	2	
437	Chen-2013-888-438	十一	十一	eleven	eleven	eleven	eleven	1706	ELEVEN	2	
438	Chen-2013-888-439	十二	十二	twelve	twelve	twelve	twelve	1707	TWELVE	2	
439	Chen-2013-888-440	十三	十三	thirteen	thirteen	thirteen	thirteen	1708	THIRTEEN	2	
440	Chen-2013-888-441	十四	十四	fourteen	fourteen	fourteen	fourteen	2451	FOURTEEN	2	
441	Chen-2013-888-442	十五	十五	fifteen	fifteen	fifteen	fifteen	1709	FIFTEEN	2	
442	Chen-2013-888-443	十六	十六	sixteen	sixteen	sixteen	sixteen	2454	SIXTEEN	2	
443	Chen-2013-888-444	十	十	ten	ten	ten	ten	1515	TEN	2	
444	Chen-2013-888-445	十七	十七	seventeen	seventeen	seventeen	seventeen	2453	SEVENTEEN	2	
445	Chen-2013-888-446	十	十	ten	ten	ten	ten	1515	TEN	2	
446	Chen-2013-888-447	十八	十八	eighteen	eighteen	eighteen	eighteen	1713	EIGHTEEN	2	
447	Chen-2013-888-448	十九	十九	nineteen	nineteen	nineteen	nineteen	1714	NINETEEN	2	
448	Chen-2013-888-449	二十	二十	twenty	twenty	twenty	twenty	1710	TWENTY	2	
449	Chen-2013-888-450	三十	三十	thirty	thirty	thirty	thirty	1715	THIRTY	2	
450	Chen-2013-888-451	百	百	hundred	hundred	hundred	hundred	1634	HUNDRED	2	
451	Chen-2013-888-452	位（客）	个(一~人)	classifier for people			classifier for people	516	PERSON (CLASSIFIER)	4	
452	Chen-2013-888-453	个（蛋）		classifier for egg						4	
453	Chen-2013-888-454	只（鸡）	只(两~鸟)	classifier for chicken/birds			classifier for two birds	2081	CHICKEN (CLASSIFIER)	2	
454	Chen-2013-888-455	条（河）	条(一~绳子)	classifier for river/rope			classifier for rope	2084	ROPE (CLASSIFIER)	4	
455	Chen-2013-888-456	棵（树）	棵(一~树)	classifier for trees			classifier for trees	2721	TREE (CLASSIFIER)	4	
456	Chen-2013-888-457	根（棍）	"根(一~棍子) ((用于修饰""大棍子""))"	classifier for sticks (big) (note:+long)			classifier for sticks (big) (note:+long)	2085	STICK (CLASSIFIER)	2	
457	Chen-2013-888-458	块		classifier for clump shape objects				594	PIECE		
458	Chen-2013-888-459	双	双(一~鞋)	pair (of shoes)			pair (of shoes)	2089	PAIR (CLASSIFIER)	2	
459	Chen-2013-888-460	层		layer							
460	Chen-2013-888-461	件	件(一~衣)	classifier for garments			classifier for garments	2088	CLOTHING (CLASSIFIER)	4	
461	Chen-2013-888-462	句		classifier for sentences							
462	Chen-2013-888-463	首		head or classifier for poems/songs 							
463	Chen-2013-888-464	斤		unit of weights, 1 unit is about 500 grams				2647	CATTY (MASS UNIT)	2	
464	Chen-2013-888-465	两		unit of weights, 1 unit is about 50 grams							
465	Chen-2013-888-466	丈		unit of length (large)							
466	Chen-2013-888-467	尺	尺(一~)	unit of length (small)			foot (=1 / 3 meter)	2782	FOOT (MEASURE)	2	
467	Chen-2013-888-468	元	远				far / distant	1406	FAR	2	
468	Chen-2013-888-469	年	年	year	year	year	year	1226	YEAR	2	
469	Chen-2013-888-470	月	月	month	month	month	month	1370	MONTH	2	
470	Chen-2013-888-471	天	白天	day (time)	sky	sky	day (time)	1225	DAY (NOT NIGHT)	2	
471	Chen-2013-888-472	岁	年纪	age			age	1789	AGE	2	
472	Chen-2013-888-473	每天		every day	every day	every day					
473	Chen-2013-888-474	前面	前(~边)	front			front	2194	FRONT (PART)	2	
474	Chen-2013-888-475	后面		back( the opposite of front)				1686	BEHIND	2	
475	Chen-2013-888-476	左边	左边	left	left	left	left	244	LEFT	2	
476	Chen-2013-888-477	右边	右边	right	right	right	right	1019	RIGHT	2	
477	Chen-2013-888-478	上边		up				57	ATOP		
478	Chen-2013-888-479	下边	以下	below / under			below / under	1485	BELOW OR UNDER		
479	Chen-2013-888-480	里边	里(~边) ((房屋)~)	inside (the sea, a well) (note:+building)			inside (the sea, a well) (note:+building)	1606	INSIDE	2	
480	Chen-2013-888-481	外边	外(~边)	outside			outside	762	OUTSIDE	2	
481	Chen-2013-888-482	中间	中间	middle	middle	middle	middle	1093	MIDDLE	2	
482	Chen-2013-888-483	旁边	旁边	side	side	side	side	682	SIDE	2	
483	Chen-2013-888-484	今天	今天	today	today	today	today	1283	TODAY	2	
484	Chen-2013-888-485	明天	明天	tomorrow	tomorrow	tomorrow	tomorrow	1329	TOMORROW	2	
485	Chen-2013-888-486	昨天	昨天	yesterday	yesterday	yesterday	yesterday	1174	YESTERDAY	2	
486	Chen-2013-888-487	后天	后天	day after tomorrow	day after tomorrow	day after tomorrow	day after tomorrow	1179	DAY AFTER TOMORROW	2	
487	Chen-2013-888-488	上午		forenoon				2775	FORENOON	2	
488	Chen-2013-888-489	中午	中午	noon	noon	noon	noon	12	MIDDAY	2	
489	Chen-2013-888-490	下午		afternoon				1807	AFTERNOON	2	
490	Chen-2013-888-491	早晨	早晨	morning	morning	morning	morning	1339	MORNING	2	
491	Chen-2013-888-492	晚上	晚上	night, at / evening, in the	night, at / evening, in the	night, at / evening, in the	night, at / evening, in the	1629	EVENING	2	
492	Chen-2013-888-493	半夜	夜里	midnight	midnight	midnight	night, at	1233	NIGHT		
493	Chen-2013-888-494	初一		day (first of lunar month)	day (first of lunar month)	day (first of lunar month)					
494	Chen-2013-888-495	初二		day (second of lunar month)	day (second of lunar month)	day (second of lunar month)					
495	Chen-2013-888-496	初三		day (third of lunar month)							
496	Chen-2013-888-497	正月	一月 (正月(过年的月份))	January (year in which New Year is celebrated)			January (year in which New Year is celebrated)	2036	JANUARY	2	
497	Chen-2013-888-498	二月	"二月 (""第二个月"")"	"February (lit. 'second month') (note:""the second month"")"			"February (lit. 'second month') (note:""the second month"")"	2037	FEBRUARY	2	
498	Chen-2013-888-499	三月		March				2846	MARCH	2	
499	Chen-2013-888-500	四月		April				2847	APRIL	2	
500	Chen-2013-888-501	五月		May				2848	MAY (MONTH)	2	
501	Chen-2013-888-502	六月		June				2849	JUNE	2	
502	Chen-2013-888-503	七月		July				2850	JULY	2	
503	Chen-2013-888-504	八月		August				2851	AUGUST	2	
504	Chen-2013-888-505	九月		September				2852	SEPTEMBER	2	
505	Chen-2013-888-506	十月		October				2853	OCTOBER	2	
506	Chen-2013-888-507	十一月		November				2854	NOVEMBER	2	
507	Chen-2013-888-508	十二月		December				2855	DECEMBER	2	
508	Chen-2013-888-509	今年	今年	this year	this year	this year	this year	513	THIS YEAR	2	
509	Chen-2013-888-510	去年	去年	last year	last year	last year	last year	514	LAST YEAR	2	
510	Chen-2013-888-511	明年	明年	next year	next year	next year	next year	515	NEXT YEAR	2	
511	Chen-2013-888-512	现在	现在	present, the (time)	present, the (time)	present, the (time)	present, the (time)	1376	NOW	2	
512	Chen-2013-888-513	将来	将来 ((指近期))	future (near) (note:+proximal)			future (near) (note:+proximal)	2427	FUTURE		
513	Chen-2013-888-514	从前	从前	past, in the	past, in the	past, in the	past, in the	2914	ONCE (IN THE PAST)	2	
514	Chen-2013-888-515	我	我	I	I	I	I	1209	I	2	
515	Chen-2013-888-516	我们	我们	we	we	we	we	1212	WE	2	
516	Chen-2013-888-517	你	你	you	you	you	you	1215	THOU	2	
517	Chen-2013-888-518	你们	你们	you (pl.)	you (pl.)	you (pl.)	you (pl.)	1213	YOU	2	
518	Chen-2013-888-519	他	他	he	he	he	he	1211	HE	2	
519	Chen-2013-888-520	他们	他们	they	they	they	they	817	THEY	2	
520	Chen-2013-888-521	大家	一切	we all	we all	we all	all / everything	98	ALL	2	
521	Chen-2013-888-522	自己		self				1993	SELF	2	
522	Chen-2013-888-523	别人	其他	other person(s)	other person(s)	other persons||other person(s)||other person(s) (lit. 'person home')	others / miscellaneous	2422	SOMEONE	2	
523	Chen-2013-888-524	这	这样	thus / this (way) / (like) this	this	this	thus / this (way) / (like) this	1214	THIS	2	
524	Chen-2013-888-525	那	那(远指)	that (over yonder)			that (over yonder)	78	THAT	2	
525	Chen-2013-888-526	什么	什么	what	what	what	what	1236	WHAT	2	
526	Chen-2013-888-527	哪个		which				727	WHICH		
527	Chen-2013-888-528	哪里	哪里	where	where	where	where	1237	WHERE	2	
528	Chen-2013-888-529	大	大	big / large	big / large	big / large	big / large	1202	BIG	2	
529	Chen-2013-888-530	小	小	small	small	small	small	1246	SMALL	2	
530	Chen-2013-888-531	高		tall/high				1265	HIGH	2	
531	Chen-2013-888-532	矮、低		short/low				721	LOW		
532	Chen-2013-888-533	长	长	long	long	long	long	1203	LONG	2	
533	Chen-2013-888-534	短	短	short	short	short	short	1645	SHORT	2	
534	Chen-2013-888-535	远	远	far / distant	far / distant	far / distant	far / distant	1406	FAR	2	
535	Chen-2013-888-536	近	接近	near	near	near	near / close	1942	NEAR	2	
536	Chen-2013-888-537	宽		wide				1243	WIDE	2	
537	Chen-2013-888-538	窄	窄	narrow	narrow	narrow	narrow	1267	NARROW	2	
538	Chen-2013-888-539	厚	厚	thick	thick	thick	thick	1244	THICK	2	
539	Chen-2013-888-540	薄		thin	thin	thin		2306	THIN (OF LEAF AND CLOTH)	2	
540	Chen-2013-888-541	深	深	deep	deep	deep	deep	1593	DEEP	2	
541	Chen-2013-888-542	浅	浅	shallow	shallow	shallow	shallow	193	SHALLOW	2	
542	Chen-2013-888-543	满	满(~了)	full, be / filled up	full	full	full, be / filled up	1429	FULL	2	
543	Chen-2013-888-544	空	空	empty	empty	empty	empty	1624	EMPTY	2	
544	Chen-2013-888-545	多	多	many / much	many / much	many / much	many / much	1198	MANY	2	
545	Chen-2013-888-546	少	几个	few / little	few / little	few / little	several / few, a	1242	FEW	2	
546	Chen-2013-888-547	方		square				2757	ANGULAR (SQUAREFORMED)	2	
547	Chen-2013-888-548	圆	圆 ((圆筒形))	circle / circular (planar)			circle / circular (planar)	1395	ROUND	2	
548	Chen-2013-888-549	扁	平	flat / shallow	flat / shallow	flat / shallow	level / flat	1633	FLAT		
549	Chen-2013-888-550	尖	锋利	pointed	pointed	pointed	sharp	1396	SHARP	2	
550	Chen-2013-888-551	平	平	level / flat	level / flat	level / flat	level / flat	1633	FLAT	2	
551	Chen-2013-888-552	直	直(~的)	straight			straight	1404	STRAIGHT	2	
552	Chen-2013-888-553	横	横(~的)	horizontal			horizontal	2376	HORIZONTAL	2	
553	Chen-2013-888-554	弯	弄弯	curved, become / bent	curved, become / bent	bend at the waist||curved, become / bent	bend	2004	BEND	2	
554	Chen-2013-888-555	黑	黑 ((脸)~)	black (of faces)			black (of faces)	163	BLACK	2	
555	Chen-2013-888-556	白	白	white	white	white	white	1335	WHITE	2	
556	Chen-2013-888-557	红	红	red	red	red	red	156	RED	2	
557	Chen-2013-888-558	黄	黄	yellow	yellow	yellow	yellow	1424	YELLOW	2	
558	Chen-2013-888-559	绿	绿	green	green	green	green	1425	GREEN	2	
559	Chen-2013-888-560	蓝	蓝	blue	blue	blue||blue (lit. 'sky color')	blue	837	BLUE	2	
560	Chen-2013-888-561	亮	亮(~的)	birght			bright	679	BRIGHT	2	
561	Chen-2013-888-562	暗	暗	dark	dark	dark	dark	706	DARK	2	
562	Chen-2013-888-563	重	重	heavy	heavy	heavy	heavy	1210	HEAVY	2	
563	Chen-2013-888-564	轻	轻	light	light	light (weight)	light	1052	LIGHT (WEIGHT)	2	
564	Chen-2013-888-565	快	快	quick /	quick /	quick / fast||quick / fast (body movement)||quick / fast (speed)	quick /	1631	FAST	2	
565	Chen-2013-888-566	慢	慢 ((动作)~)	slow (body movement) (note:+manner {lit. of			slow (body movement) (note:+manner {lit. of	701	SLOW	2	
566	Chen-2013-888-567	早	早	early	early	early	early	672	EARLY	2	
567	Chen-2013-888-568	迟	耽误	late	late	late	hold up / delay	425	BE LATE	2	
568	Chen-2013-888-569	锋利	锋利	sharp	sharp	sharp	sharp	1396	SHARP	2	
569	Chen-2013-888-570	清						1147	PURE	4	
570	Chen-2013-888-571	稀（疏）						209	RARE	4	
571	Chen-2013-888-572	蜜（稠）		thick							
572	Chen-2013-888-573	浓	厚	dense			thick	1244	THICK		
573	Chen-2013-888-574	稠（浊）	稠(粥~)				thick	2239	DENSE	4	
574	Chen-2013-888-575	淡		light (taste)				2181	LIGHT (IN TASTE)	2	
575	Chen-2013-888-576	胖	胖	fat (obese)	fat	fat||fat (adult)||fat (infant)	fat	1279	FAT (OBESE)	2	
576	Chen-2013-888-577	痩	瘦	thin (lean, a body type)			thin	1400	THIN (SLIM)	4	
577	Chen-2013-888-578	干枯		dry							add withered
578	Chen-2013-888-579	湿	湿	wet	wet	wet	wet	1726	WET	2	
579	Chen-2013-888-580	硬	硬	hard	hard	hard	hard	1884	HARD	2	
580	Chen-2013-888-581	软	软	soft	soft	soft / spongy / loose||soft	soft	1856	SOFT	2	
581	Chen-2013-888-582	活	活(~了) ((人)~)	alive, become / active (people)			alive, become / active (people)	1422	BE ALIVE	2	
582	Chen-2013-888-583	死	死	die	die	die	die	1494	DIE	2	
583	Chen-2013-888-584	光	空	light	light	light	empty	1624	EMPTY		
584	Chen-2013-888-585	松	松	lax / loose /	lax / loose /	lax / loose / slack||lax / fluffy / puffy	lax / loose /	2506	LOOSE	4	
585	Chen-2013-888-586	紧	紧	tense / tight /	tense / tight /	tense / tight / taut	tense / tight /	3053	TIGHT	4	
586	Chen-2013-888-587	齐									
587	Chen-2013-888-588	对	对	right /	right /	right / correct	right /	1725	CORRECT (RIGHT)	2	
588	Chen-2013-888-589	错	错	wrong	wrong	wrong	wrong	1390	WRONG		
589	Chen-2013-888-590	真	真	true	true	true (words)||true	true	1657	TRUE	4	
590	Chen-2013-888-591	假	假 ((货)~)	fake			fake (goods)	3069	FALSE	4	
591	Chen-2013-888-592	生		raw				1959	RAW	2	
592	Chen-2013-888-593	熟		cooked				269	COOKED	2	
593	Chen-2013-888-594	新	新	new	new	new	new	1231	NEW	2	
594	Chen-2013-888-595	旧	旧	used /	used /	used / old||used / old (of things)	used /	2113	OLD (USED)	2	
595	Chen-2013-888-596	好	好	good	good	good||good (thought)||good (quality of material)	good	1035	GOOD	2	
596	Chen-2013-888-597	坏	坏 ((东西)~)	bad (things) (note:broken (bad			bad (things) (note:broken (bad	1292	BAD	2	
597	Chen-2013-888-598	贵	贵(~价钱)	expensive, high social status			expensive	1426	EXPENSIVE	2	
598	Chen-2013-888-599	贱		low social status							
599	Chen-2013-888-600	老	老	old, be	old, be	old, be	old, be	2112	OLD (AGED)	2	
600	Chen-2013-888-601	嫩	年轻	young			young	1207	YOUNG	4	
601	Chen-2013-888-602	美	好看	beautiful / pleasant to the			beautiful / pleasant to the	1427	BEAUTIFUL		
602	Chen-2013-888-603	丑	"丑 (""不好看"")"	ugly (looking)			ugly (looking)	1548	UGLY	2	
603	Chen-2013-888-604	热	热 ((水)~)	hot (water)			hot (water)	1286	HOT	2	
604	Chen-2013-888-605	冷	冷	cold (weather,	cold (weather,	cold (weather, water)||cold (water)||cold (weather)	cold (weather,	1287	COLD	2	
605	Chen-2013-888-606	难	难	difficult	difficult	difficult	difficult	584	DIFFICULT	2	
606	Chen-2013-888-607	容易	容易	easy	easy	easy	easy	686	EASY	2	
607	Chen-2013-888-608	香	香(气味~)	fragrant			fragrant	376	FRAGRANT	2	
608	Chen-2013-888-609	臭		stinking /	stinking /	stinking / smelly		1587	SMELL (STINK)	2	
609	Chen-2013-888-610	酸	酸	sour	sour	sour	sour	1906	SOUR	2	
610	Chen-2013-888-611	甜	甜	sweet	sweet	sweet	sweet	717	SWEET	2	
611	Chen-2013-888-612	苦	苦	bitter	bitter	bitter	bitter	887	BITTER	2	
612	Chen-2013-888-613	辣	辣	peppery	peppery	peppery	hot /	544	SPICY	2	
613	Chen-2013-888-614	咸	咸	salty	salty	salty	salty	1091	SALTY	2	
614	Chen-2013-888-615	醒		awake				825	AWAKE	2	
615	Chen-2013-888-616	忙	忙	busy	busy	busy	busy	2755	BUSY	2	
616	Chen-2013-888-617	富	有(~钱)	rich	rich	rich	have (money)	712	RICH	2	
617	Chen-2013-888-618	穷	穷	poor	poor	poor	poor	1674	POOR	2	
618	Chen-2013-888-619	干净	干净	clean	clean	clean	clean	704	CLEAN	2	
619	Chen-2013-888-620	脏	脏	dirty	dirty	dirty	dirty	1230	DIRTY	2	
620	Chen-2013-888-621	饱		eaten one's fill,	eaten one's fill,	eaten one's fill, have		106	SATIATED	2	
621	Chen-2013-888-622	饿	饿	hungry, be	hungry, be	hungry, be	hungry, be	1533	BE HUNGRY	2	
622	Chen-2013-888-623	渴	渴	thirsty, be	thirsty, be	thirsty, be	thirsty, be	847	THIRSTY	2	
623	Chen-2013-888-624	困		sleepy							
624	Chen-2013-888-625	累	累	tired, be / fatigued	tired, be / fatigued	tired, be / fatigued	tired, be / fatigued	1757	TIRED	2	
625	Chen-2013-888-626	急		rush							
626	Chen-2013-888-627	聪明		clever	clever	clever		2530	SMART	2	
627	Chen-2013-888-628	傻	蠢	stupid			stupid	1518	STUPID	2	
628	Chen-2013-888-629	勤快		industrious /	industrious /	industrious / hardworking		2077	DILIGENT	2	
629	Chen-2013-888-630	懒	懒	lazy	lazy	lazy	lazy	1564	LAZY	2	
630	Chen-2013-888-631	凶		fierce							add fierce
631	Chen-2013-888-632	响	响	loud	loud	loud	loud	377	LOUD		
632	Chen-2013-888-633	熬		decoct (herbal	decoct (herbal	decoct (porridge / conjee)||decoct (herbal medicine)					
633	Chen-2013-888-634	拔		pull out				2325	PULL OUT	2	
634	Chen-2013-888-635	搻	拿	take / hold / get			take / hold / get	1749	TAKE		
635	Chen-2013-888-636	搬	搬(~凳子)	move (a			move (a	765	MOVE	2	
636	Chen-2013-888-637	帮助	帮助	help	help	help	help	1897	HELP	2	
637	Chen-2013-888-638	捆绑	绑	bind			bind / tie	1917	TIE		
638	Chen-2013-888-639	剥		peel				275	PEEL	2	
639	Chen-2013-888-640	抱	拥抱	hug			embrace / hug	928	EMBRACE	2	
640	Chen-2013-888-641	背		back	back	back		465	CARRY ON BACK	2	
641	Chen-2013-888-642	比		compare							
642	Chen-2013-888-643	编（辫子）	辫子 ((女人的)~)				braid / plait (female's) (note:+female)	1043	BRAID	4	
643	Chen-2013-888-644	编（篮子）	辫子 ((女人的)~)				braid / plait (female's) (note:+female)	1043	BRAID	4	
644	Chen-2013-888-645	变	换	change			change	1264	CHANGE	2	
645	Chen-2013-888-646	病		ill, to be	ill, to	ill, to be		1847	SICK	2	
646	Chen-2013-888-647	补						2243	REPAIR	2	
647	Chen-2013-888-648	猜	猜(~谜)	guess			guess (a	1932	GUESS	2	
648	Chen-2013-888-649	踩	踏	step on / tread	step on /	step on / tread	step on / trample / stamp	2065	STEP (VERB)	2	
649	Chen-2013-888-650	藏		hide something or someone				2486	HIDE	2	
650	Chen-2013-888-651	插		insert				3071	INSERT	2	
651	Chen-2013-888-652	折		fold				1470	FOLD	4	
652	Chen-2013-888-653	缠	包(~药)	Wrap			wrap	1113	WRAP		
653	Chen-2013-888-654	唱	唱 (~(本族歌曲))	sing			sing (own songs)	1261	SING	2	
654	Chen-2013-888-655	炒	炒	stir-fry	stir-fry	stir-fry||stir-fry (grain)	stir-fry	2162	STIR FRY	2	
655	Chen-2013-888-656	沉	下陷	sink	sink	sink	cave in / sink	1088	SINK (DESCEND)		
656	Chen-2013-888-657	称	称(~粮食)	to weight			weigh	1098	WEIGH	2	
657	Chen-2013-888-658	成		to become				1990	BECOME		
658	Chen-2013-888-659	吃	吃	eat	eat	eat (meat, corn, etc.)||eat (rice, etc.)||eat	eat	1336	EAT	2	
659	Chen-2013-888-660	舂	研(~药)	pestle / pound	pestle / pound	pestle / pound	grind / pestle (medicine)	225	PESTLE		
660	Chen-2013-888-661	出						1107	GO OUT	2	
661	Chen-2013-888-662	锄（革）	挖	dig / scoop out			dig / scoop out	1418	DIG		
662	Chen-2013-888-663	穿（衣）		put on (another layer of clothing)				814	DRESS UP	4	
663	Chen-2013-888-664	穿（鞋）	套（～衣服）	put on (shoes)			put on (another layer of clothing)	158	PUT ON	4	
664	Chen-2013-888-665	吹（喇叭）	吹(~灰)	blow away (a speck of			blow away (a speck of	176	BLOW (WITH MOUTH)	4	
665	Chen-2013-888-666	搓	拧(~毛巾)	twist (a towel)			twist (a towel)	430	TWIST	2	
666	Chen-2013-888-667	答应	答应	promise /	promise /	promise / consent	promise /	1675	PROMISE		
667	Chen-2013-888-668	打鸣	叫(母鸡~)	crow (of hens)			crow (of hens)	2074	CROW (VERB)		
668	Chen-2013-888-669	打（人）	打(~人)	hit (a			hit (a	1433	HIT	4	
669	Chen-2013-888-670	打（枪）						3180	SHOOT (WITH SLINGSHOT)	4	
670	Chen-2013-888-671	戴（帽）	佩带	wear / bear			wear / bear	976	WEAR	2	
671	Chen-2013-888-672	戴（手镯）	佩带	wear / bear			wear / bear	976	WEAR	4	
672	Chen-2013-888-673	倒（下）	倒(墙~)	fall down (a wall) / topple			fall down (a wall) / topple	1280	FALL		
673	Chen-2013-888-674	到	到达	arrive			arrive	1387	ARRIVE	2	
674	Chen-2013-888-675	倒（水）	倒掉(~水)	pour or throw out (water)			pour or throw out (water)	1487	POUR		
675	Chen-2013-888-676	得到	收到	get / acquire	get / acquire	get / acquire	receive	694	GET		
676	Chen-2013-888-677	等	等待	wait			wait	1590	WAIT (FOR)	2	
677	Chen-2013-888-678	掉	掉(~下)	drop			drop	750	DROP	2	
678	Chen-2013-888-679	吊	吊	hang	hang	hang	hang	2884	HANG		
679	Chen-2013-888-680	跌倒	倒(墙~)	fall over / down	fall over / down	fall over / down	fall down (a wall) / topple	1280	FALL	2	
680	Chen-2013-888-681	动	搬(~家)	move			move	2874	MOVE (ONESELF)		
681	Chen-2013-888-682	堵塞		block up / plug	block up / plug	block up / plug					
682	Chen-2013-888-683	（线）断	弄断(~线)	snap (a thread)			snap (a thread)	460	BREAK (OF ROPE)	4	
683	Chen-2013-888-684	（扁担）断	弄断(~棍子)	snap / break (a stick)			snap / break (a stick)	2558	BREAK (CLEAVE)	4	
684	Chen-2013-888-685	躲避		dodge							
685	Chen-2013-888-686	剁		chop				2149	CHOP (INTO PIECES)	2	
686	Chen-2013-888-687	翻						1445	TURN (SOMETHING) 		
687	Chen-2013-888-688	发烧	发烧	fever, have	fever, have	fever, have	fever, have	1534	FEVER		
688	Chen-2013-888-689	纺	纺(~纱)				spin (into yarn)	121	SPIN	4	
689	Chen-2013-888-690	放（牛）						998	PUT	4	
690	Chen-2013-888-691	飞	飞	fly	fly	fly	fly	1441	FLY (MOVE THROUGH AIR)	2	
691	Chen-2013-888-692	分	分开(使~)	separate (cause to)			separate (cause to)	1359	SEPARATE	2	
692	Chen-2013-888-693	缝	缝	sew (up)	sew (up)	sew (up)	sew (up)	1457	SEW	2	
693	Chen-2013-888-694	孵	孵	hatch / incubate	hatch / incubate	hatch / incubate	hatch / incubate	2075	BROOD (VERB)	2	
694	Chen-2013-888-695	扶									
695	Chen-2013-888-696	浮	漂浮	float			float	1574	FLOAT	2	
696	Chen-2013-888-697	（应）该									
697	Chen-2013-888-698	改	改变	alter			alter	2856	CHANGE (SOMETHING)	2	
698	Chen-2013-888-699	盖（被）									
699	Chen-2013-888-700	盖（锅）	遮蔽					761	COVER		
700	Chen-2013-888-701	赶走	驱逐	drive out / expel			drive out / expel		DISPEL		
701	Chen-2013-888-702	敢	敢	dare	dare	dare	dare	1779	DARE	2	
702	Chen-2013-888-703	告诉	讲(~故事)	tell	tell	tell	tell (a story)	1711	TELL	2	
703	Chen-2013-888-704	割（草）	剖	cut / rip open			cut / rip open	1432	CUT	4	
704	Chen-2013-888-705	给	给	give	give	give (hand over)||give||give (as a gift)	give	1447	GIVE	2	
705	Chen-2013-888-706	耕	种(~麦子) (点~)	plant / raise (wheat) (scatter)	plough / till	plough / till	plant / raise (wheat) (scatter)	1486	PLANT (SOMETHING)		
706	Chen-2013-888-707	（猪）拱（土）									
707	Chen-2013-888-708	刮	刮(~风) (~(旋风))	blow (whirlwind) (note:+whirlwind)			blow (whirlwind) (note:+whirlwind)	175	BLOW (OF WIND)	2	
708	Chen-2013-888-709	挂	晾(~衣)	dry (clothes) in the air			dry (clothes) in the air	357	HANG UP	2	
709	Chen-2013-888-710	关（门）	关(~门)	close (the door)			close (the door)	1046	SHUT		
710	Chen-2013-888-711	滚	滚 ((及物动词))	roll (transitive) (note:tran)			roll (transitive) (note:tran)	827	ROLL	4	
711	Chen-2013-888-712	过（桥）	越过	cross / pass			cross / pass	1367	CROSS	4	
712	Chen-2013-888-713	害羞	害羞	shy, be / bashful	shy, be / bashful	shy, be / bashful	shy, be / bashful	487	SHY	2	
713	Chen-2013-888-714	喝	喝	drink	drink	drink	drink	1401	DRINK	2	
714	Chen-2013-888-715	哼									add hum
715	Chen-2013-888-716	划	划(~船)	paddle / row			paddle / row	234	PADDLE		
716	Chen-2013-888-717	化									
717	Chen-2013-888-718	怀孕	怀孕 ((指人))	pregnant, be (person) (note:+person)			pregnant, be (person) (note:+person)	1123	PREGNANT		
718	Chen-2013-888-719	还帐									
719	Chen-2013-888-720	换	交换	change	change	change||take (a breath)	exchange	2509	EXCHANGE	2	
720	Chen-2013-888-721	回来	回 (~去)	return (come back) (note:+go)			return (come back) (note:+go)	581	COME BACK		
721	Chen-2013-888-722	会（写）	会(~写)	know (to write)			know (to write)	2238	KNOW OR BE ABLE	4	
722	Chen-2013-888-723	挤		squeeze				1414	SQUEEZE	2	
723	Chen-2013-888-724	记得	想起	remember	remember	remember	recall / remember	707	REMEMBER	2	
724	Chen-2013-888-725	夹									
725	Chen-2013-888-726	捡	捡	pick up	pick up	pick up	pick up	371	PICK UP		
726	Chen-2013-888-727	剪	剪	scissor (wool, hair)	scissor (wool, hair)	scissor (for cutting cloth)||scissor||scissor (paper)||scissor (wool, hair)	scissor (wool, hair)	2155	CUT (WITH SCISSORS)	2	
727	Chen-2013-888-728	浇	浇(~水)	water / sprinkle / irrigate			water / sprinkle / irrigate	3078	IRRIGATE	4	
728	Chen-2013-888-729	吠	叫(狗~)	bark			bark	1204	BARK	2	
729	Chen-2013-888-730	结（果）	绑	bind / tie			bind / tie	1917	TIE	4	
730	Chen-2013-888-731	连接	连接	connect / join	connect / join	connect / join	connect / join	2862	CONNECT	2	
731	Chen-2013-888-732	解开	解开	untie / undo	untie / undo	untie / undo	untie / undo	352	UNTIE		
732	Chen-2013-888-733	借（钱）	借(~工具)	borrow (tools)			borrow (tools)	1823	BORROW	4	
733	Chen-2013-888-734	进（屋）	进(~屋)	enter (a house)			enter (a house)	749	ENTER	4	
734	Chen-2013-888-735	救	救	rescue / save	rescue / save	rescue / save	rescue / save	2008	RESCUE	2	
735	Chen-2013-888-736	锯			saw	saw					add saw (something)
736	Chen-2013-888-737	开（门）	开(~门)	open (a door)			open (a door)	1156	OPEN	2	
737	Chen-2013-888-738	（水）开	开(水~了)	boiling, be (water)			boiling, be (water)	792	BOIL (OF LIQUID)	4	
738	Chen-2013-888-739	（花）开		bloom				3287	BLOOM	4	
739	Chen-2013-888-740	砍（树）		cut a tree (with axe)				1432	CUT (WITH AXE)	4	
740	Chen-2013-888-741	砍（骨头）	劈(~柴)	chop (bone)			chop (firewood)	155	CHOP	4	
741	Chen-2013-888-742	看		watch	watch	watch		1819	LOOK	2	
742	Chen-2013-888-743	看见	看病(病人~)	see	see	see	see (a doctor)	1409	SEE	2	
743	Chen-2013-888-744	扛		carry on shoulder	shoulder	shoulder		413	CARRY ON SHOULDER	2	
744	Chen-2013-888-745	烤（火）		roast (on fire)				1962	ROAST (SOMETHING)	4	
745	Chen-2013-888-746	咳嗽	咳嗽	cough	cough	cough	cough	879	COUGH	2	
746	Chen-2013-888-747	啃	啃	gnaw / nibble	gnaw / nibble	gnaw / nibble	gnaw / nibble	2706	GNAW	2	
747	Chen-2013-888-748	哭		cry	cry	cry		1839	CRY	2	
748	Chen-2013-888-749	拉屎		empty the bowels	empty the bowels	empty the bowels		676	SHIT (DEFECATE)		
749	Chen-2013-888-750	来	来 ((将来时))	come			come (imperative)	1446	COME	2	
750	Chen-2013-888-751	烂						1728	ROTTEN	2	
751	Chen-2013-888-752	破裂	迸(~出)	break			spout / burst	680	BREAK (DESTROY OR GET DESTROYED)		
752	Chen-2013-888-753	流	流(水~)	flow			flow (of water)	2003	FLOW	2	
753	Chen-2013-888-754	留	流(水~)	stay			flow (of water)			2	
754	Chen-2013-888-755	漏	漏(~水) ((石锅)~)	leak			leak (iron pot)	2253	DRIP (EMIT LIQUID)	4	
755	Chen-2013-888-756	落	倒(墙~)	fall down (a wall) / topple			fall down (a wall) / topple	1280	FALL	2	
756	Chen-2013-888-757	骂	骂	scold	scold	scold	scold	299	SCOLD	4	
757	Chen-2013-888-758	埋	埋	bury	bury	bury	bury	1719	BURY	2	
758	Chen-2013-888-759	买	买	buy	buy	buy	buy	1869	BUY	2	
759	Chen-2013-888-760	卖	卖	sell	sell	sell	sell	1571	SELL	2	
760	Chen-2013-888-761	没有									
761	Chen-2013-888-762	（火）灭						127	EXTINGUISH	4	
762	Chen-2013-888-763	摸	摸	stroke / touch	stroke / touch	stroke / touch	stroke / touch	1892	TOUCH		
763	Chen-2013-888-764	磨（刀）						251	SHARPEN (SOMETHING)	4	
764	Chen-2013-888-765	磨（面）	磨(~面)	grind (flour)			grind (flour)	1033	GRIND	2	
765	Chen-2013-888-766	拿		take / hold / get	take / hold / get	take / hold / get		2104	HOLD OR TAKE	2	
766	Chen-2013-888-767	念									
767	Chen-2013-888-768	呕吐	呕吐	throw up / vomit	throw up / vomit	throw up / vomit	throw up / vomit	1278	VOMIT	2	
768	Chen-2013-888-769	爬行	爬(人~)	crawl (of people)			crawl (of people)	96	CRAWL		
769	Chen-2013-888-770	爬（树）	爬(~山)	climb (a tree)			climb (a mountain)	1102	CLIMB	4	
770	Chen-2013-888-771	怕	害怕	afraid, be			afraid, be	1419	FEAR (BE AFRAID)	2	
771	Chen-2013-888-772	拍		strike				2133	STRIKE OR BEAT	2	
772	Chen-2013-888-773	跑	跑	run	run	run	run	1519	RUN	2	
773	Chen-2013-888-774	泡		brew							
774	Chen-2013-888-775	赔									
775	Chen-2013-888-776	喷									
776	Chen-2013-888-777	劈						1437	SPLIT	4	
777	Chen-2013-888-778	（衣）破	迸(~出)				spout / burst	680	BREAK (DESTROY OR GET DESTROYED)	4	
778	Chen-2013-888-779	骑	骑	ride (a horse)	ride (a horse)	ride (a horse)	ride (a horse)	367	RIDE	2	
779	Chen-2013-888-780	起来	起来	rise / stand up	rise / stand up	get up (out of bed)||rise / stand up	rise / stand up	570	STAND UP		
780	Chen-2013-888-781	牵	"带(~路) (""带头"")"	"lead (the way) / guide (lit. 'lead head') (note:""pioneer"")"			"lead (the way) / guide (lit. 'lead head') (note:""pioneer"")"	43	LEAD (GUIDE)	4	
781	Chen-2013-888-782	欠	欠(~钱)	owe (money)			owe (money)	369	OWE	2	
782	Chen-2013-888-783	抢	抢	rob / loot	rob / loot	rob / loot	rob / loot	2073	ROB (VERB)	2	
783	Chen-2013-888-784	敲	敲	knock / strike	knock / strike	knock / strike	knock / strike	2396	KNOCK		
784	Chen-2013-888-785	请									
785	Chen-2013-888-786	去	去	go / leave	go / leave	go / leave (past)||go / leave||go / leave (future)	go / leave	695	GO	2	
786	Chen-2013-888-787	缺		lack off							
787	Chen-2013-888-788	燃	着(~火) ((房子)~火)	burn			catch (fire) / be (on fire) (a house)	2012	BURN		
788	Chen-2013-888-789	认识		know (someone)				2248	KNOW (SOMEBODY)	2	
789	Chen-2013-888-790	融化		melt				2334	MELT	2	
790	Chen-2013-888-791	撒尿	撒(~尿)	piss			piss / pee	592	PISS		
791	Chen-2013-888-792	扫	扫	sweep	sweep	sweep	sweep	230	SWEEP	4	
792	Chen-2013-888-793	杀（人）	杀 (~(人))	kill (a person)			kill (a person)	1417	KILL	4	
793	Chen-2013-888-794	筛	筛(~米)	sieve / sift			sieve / sift	86	SIEVE	2	
794	Chen-2013-888-795	晒	晒(~衣服)	dry (clothes) in the sun			dry (clothes) in the sun	2015	MAKE DRY	2	
795	Chen-2013-888-796	上（楼）	升起	rise / go up			rise / go up	705	GO UP (ASCEND)	4	
796	Chen-2013-888-797	烧（山）						141	BURN (SOMETHING)	4	
797	Chen-2013-888-798	射	射(~箭)	shoot			shoot (an arrow)	1172	SHOOT	2	
798	Chen-2013-888-799	生（小孩）	生(~孩子)	birth, give to			birth, give to	1195	GIVE BIRTH	4	
799	Chen-2013-888-800	是		yes				1268	YES	2	
800	Chen-2013-888-801	不是		no				1269	NO	2	
801	Chen-2013-888-802	收（玉米）	收到	harvest			receive	694	GET	4	
802	Chen-2013-888-803	守（庄稼）									
803	Chen-2013-888-804	梳	梳	comb	comb	comb	comb	2070	COMB (VERB)	4	
804	Chen-2013-888-805	输	输 ((赌~))	lose (a game) (gambling)			lose (a game) (gambling)	1660	LOSE	2	
805	Chen-2013-888-806	数（钱）	数(~数目)	count (numbers)			count (numbers)	1420	COUNT	4	
806	Chen-2013-888-807	拴（牛）		tie up (cattle)				2891	TIE UP (TETHER)		
807	Chen-2013-888-808	睡觉	睡	sleep			sleep	1585	SLEEP	2	
808	Chen-2013-888-809	说		speak	speak	speak		1458	SAY	2	
809	Chen-2013-888-810	送（客）	给	send (people away)			give	1447	GIVE	4	
810	Chen-2013-888-811	赠送		give (as a present)							
811	Chen-2013-888-812	缩		shrink				54	SHRINK		
812	Chen-2013-888-813	抬	揭(~盖子)	lift up / carry	lift up / carry	lift up / carry	lift (the lid)	501	LIFT	2	
813	Chen-2013-888-814	逃跑	逃跑	escape / run away	escape / run away	escape / run away	escape / run away	2142	RUN AWAY	2	
814	Chen-2013-888-815	乞讨	讨(~饭)	beg (for food)			beg (for food)	1828	ASK (REQUEST)		
815	Chen-2013-888-816	疼		pain				1129	PAINFUL	4	
816	Chen-2013-888-817	提	揭(~盖子)	lift (the lid)			lift (the lid)	501	LIFT	2	
817	Chen-2013-888-818	填	填(~坑)	fill up (a hollow)			fill up (a hollow)	2006	FILL		
818	Chen-2013-888-819	挑（水）		carry (water)				413	CARRY ON SHOULDER	4	
819	Chen-2013-888-820	跳	跳(~远)	jump			jump	1829	JUMP	2	
820	Chen-2013-888-821	听	听	listen	listen	listen	listen	1608	LISTEN	2	
821	Chen-2013-888-822	听见	听见	hear	hear	hear	hear	1408	HEAR	2	
822	Chen-2013-888-823	偷	偷	steal	steal	steal	steal	713	STEAL	2	
823	Chen-2013-888-824	吐（痰）	吐(~痰)	spit			spit	1440	SPIT	2	
824	Chen-2013-888-825	推	推 (~(车,人))	push			push / shove (people, cars)	1452	PUSH	2	
825	Chen-2013-888-826	退	退(后~)	retreat			back up / retreat	421	RETREAT	2	
826	Chen-2013-888-827	拖	牵(~牛)	pull			pull / lead (a cow) along	1455	PULL	2	
827	Chen-2013-888-828	脱（衣）	脱(~衣)	take off (cloth)			take off (clothes)	1755	UNDRESS	4	
828	Chen-2013-888-829	脱（皮）	脱(~衣)	shed			take off (clothes)	1755	UNDRESS	4	
829	Chen-2013-888-830	挖	挖	dig / scoop out	dig / scoop out	dig / scoop out	dig / scoop out	1418	DIG	2	
830	Chen-2013-888-831	忘记	忘记	forget	forget	forget	forget	1523	FORGET	2	
831	Chen-2013-888-832	喂（猪）		feed (pig)				739	FEED	4	
832	Chen-2013-888-833	嗅	闻(臭)	to smell			smell	1586	SMELL (PERCEIVE)	2	
833	Chen-2013-888-834	问	问	ask / question	ask / question	ask / question	ask / question	1309	ASK (INQUIRE)	2	
834	Chen-2013-888-835	吸气	吸(~气)	inhale			inhale	2705	INHALE		
835	Chen-2013-888-836	洗（碗）	洗(~衣)	to wash (dish)			wash (clothes)	1453	WASH	4	
836	Chen-2013-888-837	洗（衣）	洗(~衣)	to wash (cloth)			wash (clothes)	1453	WASH	4	
837	Chen-2013-888-838	下（楼）		go down (staires)				374	ONE TIME	4	
838	Chen-2013-888-839	下（雨）		fall down (rain drop)				1253	RAIN (RAINING)	4	
839	Chen-2013-888-840	下（小猪）	生(~孩子)	give birth (pig)			birth, give to	1195	GIVE BIRTH	4	add give birth (animal)
840	Chen-2013-888-841	想		think	think	think		2271	THINK	2	
841	Chen-2013-888-842	削		pare / peel with a knife	pare / peel with a knife	pare / peel with a knife		275	PEEL		
842	Chen-2013-888-843	笑	笑	laugh / smile	laugh / smile	laugh / smile	laugh / smile	1355	LAUGH	2	
843	Chen-2013-888-844	醒		wake				1602	WAKE UP	2	
844	Chen-2013-888-845	选	挑选	to select			choose / pick	1750	CHOOSE		
845	Chen-2013-888-846	寻找		find / look for||display structure	display structure	find / look for||display structure		1468	LOOK FOR	2	
846	Chen-2013-888-847	压	压	press / push down	press / push down	press / push down	press / push down	1913	PRESS	2	
847	Chen-2013-888-848	痒		itch / tickle	itch / tickle	itch / tickle		148	ITCH	2	
848	Chen-2013-888-849	摇	震动	to sway			shake / quake	1909	SHAKE		
849	Chen-2013-888-850	咬	咬 (~(牙))	to bite			bite (of snakes) (note: (wrong number))	1403	BITE	2	
850	Chen-2013-888-851	要	爱(~吃)	want / need	want / need	want / need	like (to eat	1784	WANT	2	
851	Chen-2013-888-852	移动	搬(~凳子)	move			move (a	765	MOVE		
852	Chen-2013-888-853	游	游泳	swim			swim	1439	SWIM	2	
853	Chen-2013-888-854	有	有(碗里~水)	yes (have)			there is (water in the bowl)	2152	THERE IS OR THERE ARE	2	
854	Chen-2013-888-855	没有		don`t have				2329	LACK (NOT HAVE)		
855	Chen-2013-888-856	栽	种(~麦子) (点~)	to plant			plant / raise (wheat) (scatter)	1486	PLANT (SOMETHING)		
856	Chen-2013-888-857	炸	热(~饭) ((炒)~)	to deep fried			fry (cold rice)	991	FRY	4	
857	Chen-2013-888-858	站	站	stand	stand	stand	stand	1442	STAND	2	
858	Chen-2013-888-859	长（大）		grow up				552	GROW UP	4	
859	Chen-2013-888-860	胀	肿				swell (of tissue)	1573	SWELL		
860	Chen-2013-888-861	找		to find				1468	LOOK FOR	2	
861	Chen-2013-888-862	照									
862	Chen-2013-888-863	折断	弄断(~棍子)	to break (a stick)			snap / break (a stick)	2558	BREAK (CLEAVE)		
863	Chen-2013-888-864	争									
864	Chen-2013-888-865	蒸		steam	steam	steam		2068	BRAISE (VERB)	2	
865	Chen-2013-888-866	知道	知道	know		know		1410	KNOW (SOMETHING)	2	
866	Chen-2013-888-867	织（布）	编(~篮子)	to knit			weave (a	133	WEAVE	2	
867	Chen-2013-888-868	指		point at / to / out	point at / to / out	point at / to / out					add point to 
868	Chen-2013-888-869	肿	肿	swell (of tissue)	swell (of tissue)	swell (of tissue)	swell (of tissue)	1573	SWELL	2	
869	Chen-2013-888-870	种（菜）		plant				653	PLANT (VEGETATION)	4	
870	Chen-2013-888-871	煮		cook				1100	COOK (SOMETHING)	4	
871	Chen-2013-888-872	住		live				363	DWELL (LIVE, RESIDE)	2	
872	Chen-2013-888-873	抓	挠(~痒)	scratch			scratch (an itch)	1436	SCRATCH	2	
873	Chen-2013-888-874	转（身）	转动(使~)	to turn around (human turn arround to look the opposite site)			turn (cause to)	1588	TURN	4	
874	Chen-2013-888-875	转动	纺(~纱)	to roll			spin (into yarn)	121	SPIN		
875	Chen-2013-888-876	装		to fill				1679	LOAD	4	
876	Chen-2013-888-877	追	打猎	chase after	chase after	chase after	hunt	1435	HUNT	2	
877	Chen-2013-888-878	捉	捉	catch / capture	catch / capture	catch / capture	catch / capture	702	CATCH	2	
878	Chen-2013-888-879	啄		peck							add peck
879	Chen-2013-888-880	走	走	walk	walk	walk	walk	1443	WALK	2	
880	Chen-2013-888-881	醉	醉	drunk, be	drunk, be	drunk, get||drunk, be	drunk, be	1463	DRUNK	2	
881	Chen-2013-888-882	坐		sit down	sit down	sit down		1416	SIT	2	
882	Chen-2013-888-883	做		do / make	do / make	do / make (past)||do / make||do / make (future)		813	DO	4	
883	Chen-2013-888-884	不		not				1240	NOT	2	
884	Chen-2013-888-885	都	一切	all / everything			all / everything	98	ALL	2	
885	Chen-2013-888-886	也		too							
886	Chen-2013-888-887	很		very				1311	VERY	2	
887	Chen-2013-888-888	和		and				1577	AND	2	
888	Chen-2013-888-889	的									
889	Chen-2013-888-890	极		very				1311	VERY		
