NUMBER	GLOSS	English	CONCEPTICON_ID	CONCEPTICON_GLOSS	SIMILARITY	Note
Chen-2013-888-1	天		1732	SKY	2	
Chen-2013-888-2	太阳		1343	SUN	2	
Chen-2013-888-3	月亮		1313	MOON	2	
Chen-2013-888-4	星星		1430	STAR	2	
Chen-2013-888-5	云		1489	CLOUD	2	
Chen-2013-888-6	虹		1733	RAINBOW	2	
Chen-2013-888-7	雷		1150	THUNDER	2	
Chen-2013-888-8	闪		1654	LIGHTNING		
Chen-2013-888-9	风		960	WIND	2	
Chen-2013-888-10	雨		658	RAIN (PRECIPITATION)	2	
Chen-2013-888-11	雪		784	SNOW	2	
Chen-2013-888-12	露水		1977	DEW	2	
Chen-2013-888-13	霜		2034	FROST	2	
Chen-2013-888-14	火		221	FIRE	2	
Chen-2013-888-15	灰		646	ASH	2	
Chen-2013-888-16	烟		778	SMOKE (EXHAUST)	2	
Chen-2013-888-17	扬尘					
Chen-2013-888-18	地		2159	GROUND	2	
Chen-2013-888-19	山		639	MOUNTAIN	2	
Chen-2013-888-20	洞		1667	HOLE	2	洞 is hole, 山洞 is cave, this gloss is written on the page along with  山 and 河, I assume it means cave, but since the gloss is only 洞, I translate it as hole 
Chen-2013-888-21	河		666	RIVER	2	
Chen-2013-888-22	池塘		2035	POND	2	
Chen-2013-888-23	沟		2002	DITCH	4	
Chen-2013-888-24	井		954	WELL	2	
Chen-2013-888-25	路		667	ROAD	2	
Chen-2013-888-26	水田		140	PADDY FIELD	2	
Chen-2013-888-27	旱地		212	FIELD	2	
Chen-2013-888-28	石头		857	STONE	2	
Chen-2013-888-29	沙子		671	SAND	2	
Chen-2013-888-30	泥巴		640	MUD		
Chen-2013-888-31	水		948	WATER	2	
Chen-2013-888-32	铁		621	IRON	2	
Chen-2013-888-33	煤		2658	COAL	2	
Chen-2013-888-34	村寨		930	VILLAGE	2	
Chen-2013-888-35	集市		633	MARKET	2	
Chen-2013-888-36	桥		1011	BRIDGE	2	
Chen-2013-888-37	坟墓		1773	GRAVE	2	
Chen-2013-888-38	菜园		586	GARDEN	2	
Chen-2013-888-39	篱笆		1690	FENCE		
Chen-2013-888-40	人		683	PERSON	2	
Chen-2013-888-41	汉族					add HAN
Chen-2013-888-42	族称					
Chen-2013-888-43	小孩		2099	CHILD		
Chen-2013-888-44	老头儿		406	OLD MAN		
Chen-2013-888-45	老太太		907	OLD WOMAN		
Chen-2013-888-46	姑娘		1646	GIRL		
Chen-2013-888-47	瞎子		457	BLIND PERSON	2	
Chen-2013-888-48	跛子		2322	LAME PERSON	2	
Chen-2013-888-49	聋子		458	DEAF PERSON	2	
Chen-2013-888-50	麻子					add POCKMARK
Chen-2013-888-51	哑巴		1666	MUTE	2	
Chen-2013-888-52	孤儿		1149	ORPHAN		
Chen-2013-888-53	独子					
Chen-2013-888-54	客人		1782	GUEST	2	
Chen-2013-888-55	朋友		1325	FRIEND	2	
Chen-2013-888-56	木匠		1042	CARPENTER	2	
Chen-2013-888-57	贼		1160	THIEF		
Chen-2013-888-58	名字		1405	NAME	2	
Chen-2013-888-59	年纪		1789	AGE		
Chen-2013-888-60	影子		1388	SHADE	2	
Chen-2013-888-61	力气		202	STRENGTH	2	
Chen-2013-888-62	鬼		1175	GHOST	2	
Chen-2013-888-63	祖父		1383	GRANDFATHER	2	
Chen-2013-888-64	祖母		1496	GRANDMOTHER	2	
Chen-2013-888-65	父亲		1217	FATHER	2	
Chen-2013-888-66	母亲		1216	MOTHER	2	
Chen-2013-888-67	儿子		1620	SON	2	
Chen-2013-888-68	儿媳		1057	DAUGHTER-IN-LAW	2	
Chen-2013-888-69	女儿		1357	DAUGHTER	2	
Chen-2013-888-70	女婿		1056	SON-IN-LAW	2	
Chen-2013-888-71	孙子		1618	GRANDSON	2	
Chen-2013-888-72	哥哥		1759	OLDER BROTHER	2	
Chen-2013-888-73	姐姐		1758	OLDER SISTER	2	
Chen-2013-888-74	弟弟		1760	YOUNGER BROTHER	2	
Chen-2013-888-75	妹妹		1761	YOUNGER SISTER	2	
Chen-2013-888-76	嫂子		2695	SISTER-IN-LAW (OLDER BROTHER'S WIFE)	2	
Chen-2013-888-77	舅父		2692	MATERNAL UNCLE (MOTHER'S BROTHER)	2	
Chen-2013-888-78	舅母		2172	MATERNAL AUNT (WIFE OF MOTHER'S BROTHER)	2	
Chen-2013-888-79	丈夫		1200	HUSBAND	2	
Chen-2013-888-80	妻子		1199	WIFE	2	
Chen-2013-888-81	身体		1480	BODY	2	
Chen-2013-888-82	头		1256	HEAD	2	
Chen-2013-888-83	头发		2648	HAIR (HEAD)	2	
Chen-2013-888-84	辫子		333	PLAIT	2	
Chen-2013-888-85	眉毛		1173	EYEBROW	2	
Chen-2013-888-86	眼睛		1248	EYE	2	
Chen-2013-888-87	鼻子		1221	NOSE	2	
Chen-2013-888-88	耳朵		1247	EAR	2	
Chen-2013-888-89	脸		1560	FACE	2	
Chen-2013-888-90	嘴，口		674	MOUTH		
Chen-2013-888-91	胡须		678	BEARD		
Chen-2013-888-92	下巴		1510	CHIN	2	
Chen-2013-888-93	脖子		1333	NECK	2	
Chen-2013-888-94	肩膀		1482	SHOULDER	2	
Chen-2013-888-95	背		1291	BACK	2	
Chen-2013-888-96	胸脯		1592	CHEST	2	
Chen-2013-888-97	肚子		1251	BELLY	2	
Chen-2013-888-98	肚脐		1838	NAVEL	2	
Chen-2013-888-99	腰		1681	WAIST	2	
Chen-2013-888-100	屁股		834	BUTTOCKS	2	
Chen-2013-888-101	肛门		1935	ANUS		
Chen-2013-888-102	腿		1297	LEG	2	
Chen-2013-888-103	脚		1301	FOOT	2	
Chen-2013-888-104	手		1277	HAND	2	
Chen-2013-888-105	手指		1303	FINGER	2	
Chen-2013-888-106	指甲		1258	FINGERNAIL	2	
Chen-2013-888-107	拳		1473	FIST		
Chen-2013-888-108	皮肤		763	SKIN	2	
Chen-2013-888-109	筋		1137	TENDON	2	
Chen-2013-888-110	脑髓		1583	BRAIN		
Chen-2013-888-111	骨头		1394	BONE	2	
Chen-2013-888-112	牙齿		1380	TOOTH	2	
Chen-2013-888-113	舌		1205	TONGUE	2	
Chen-2013-888-114	喉咙		1346	THROAT	2	
Chen-2013-888-115	肺		688	LUNG	2	
Chen-2013-888-116	心脏		1223	HEART	2	
Chen-2013-888-117	肝		1224	LIVER	2	
Chen-2013-888-118	胃		819	STOMACH	2	
Chen-2013-888-119	胆					add Gallbladder
Chen-2013-888-120	血		946	BLOOD	2	
Chen-2013-888-121	奶汁		635	MILK		
Chen-2013-888-122	屎		675	FAECES (EXCREMENT)	2	
Chen-2013-888-123	肠子		1991	INTESTINES	2	
Chen-2013-888-124	尿		1142	URINE	2	
Chen-2013-888-125	汗		2458	PERSPIRE OR SWEAT	2	
Chen-2013-888-126	口水		1503	SALIVA	2	
Chen-2013-888-127	鼻涕		208	NASAL MUCUS (SNOT)	2	
Chen-2013-888-128	眼泪		1651	TEAR (OF EYE)	2	
Chen-2013-888-129	脓		1808	PUS	2	
Chen-2013-888-130	牛		1007	COW	2	
Chen-2013-888-131	水牛		2516	WATER BUFFALO	2	
Chen-2013-888-132	黄牛		1153	CATTLE	2	
Chen-2013-888-133	母牛		1007	COW	2	
Chen-2013-888-134	公牛		1008	BULL	2	
Chen-2013-888-135	牛犊					
Chen-2013-888-136	（牛）角		1393	HORN (ANATOMY)	4	
Chen-2013-888-137	蹄		152	HOOF	2	
Chen-2013-888-138	皮		763	SKIN	2	
Chen-2013-888-139	毛		580	FUR	2	
Chen-2013-888-140	尾巴		1220	TAIL	2	
Chen-2013-888-141	马		615	HORSE	2	
Chen-2013-888-142	羊		2684	CAPRINE (GOAT OR SHEEP)	2	
Chen-2013-888-143	猪		1337	PIG	2	
Chen-2013-888-144	狗		2009	DOG	2	
Chen-2013-888-145	猫		1208	CAT	2	
Chen-2013-888-146	兔子		2345	LEPORID (RABBIT OR HARE)	2	
Chen-2013-888-147	鸡		1318	CHICKEN	2	
Chen-2013-888-148	公鸡		1511	ROOSTER	2	
Chen-2013-888-149	母鸡		1514	HEN	2	
Chen-2013-888-150	鸡冠					add cockscomb
Chen-2013-888-151	爪子		72	CLAW	2	
Chen-2013-888-152	翅膀		1257	WING	2	
Chen-2013-888-153	鸭子		1360	DUCK	2	
Chen-2013-888-154	鹅		1187	GOOSE	2	
Chen-2013-888-155	鸽子		1853	DOVE	2	
Chen-2013-888-156	老虎		846	TIGER	2	
Chen-2013-888-157	猴子		1350	MONKEY	2	
Chen-2013-888-158	熊		1820	BEAR	2	
Chen-2013-888-159	野猪		1348	BOAR	2	
Chen-2013-888-160	穿山甲		2508	PANGOLIN		
Chen-2013-888-161	老鼠		2139	MUROID (MOUSE OR RAT)	2	
Chen-2013-888-162	黄鼠狼					
Chen-2013-888-163	狐狸		1312	FOX	2	
Chen-2013-888-164	鸟		937	BIRD	2	
Chen-2013-888-165	鸟窝		539	NEST		
Chen-2013-888-166	老鹰		1905	EAGLE	2	
Chen-2013-888-167	猫头鹰		735	OWL		
Chen-2013-888-168	燕子		3077	SWALLOW (BIRD)	2	
Chen-2013-888-169	麻雀		1854	SPARROW	2	
Chen-2013-888-170	乌鸦		913	CROW	2	
Chen-2013-888-171	野鸡		3060	PHEASANT		
Chen-2013-888-172	斑鸠		1853	DOVE	2	
Chen-2013-888-173	啄木鸟		2447	WOODPECKER		
Chen-2013-888-174	蛇		730	SNAKE	2	
Chen-2013-888-175	青蛙		503	FROG	2	
Chen-2013-888-176	鱼		227	FISH	2	
Chen-2013-888-177	鳞		266	SCALE		
Chen-2013-888-178	黄鳝					
Chen-2013-888-179	泥鳅					
Chen-2013-888-180	虾		2349	SHRIMP		
Chen-2013-888-181	螃蟹		2348	CRAB	2	
Chen-2013-888-182	螺蛳					add water snail
Chen-2013-888-183	蚂蟥		2273	LEECH		
Chen-2013-888-184	虫		1027	BUG	2	
Chen-2013-888-185	臭虫		1949	BEDBUG	2	
Chen-2013-888-186	虱子		1392	LOUSE	2	
Chen-2013-888-187	苍蝇		1504	FLY (INSECT)	2	
Chen-2013-888-188	蛆		2640	LARVA	2	
Chen-2013-888-189	蚊子		1509	MOSQUITO	2	
Chen-2013-888-190	蜘蛛		843	SPIDER	2	
Chen-2013-888-191	蚯蚓		2350	EARTHWORM	2	
Chen-2013-888-192	蛔虫					add roundworms
Chen-2013-888-193	蚂蚁		587	ANT	2	
Chen-2013-888-194	蜜蜂		665	BEE	2	
Chen-2013-888-195	马蜂		1517	WASP		
Chen-2013-888-196	马蜂窝					
Chen-2013-888-197	螳螂					add mantis
Chen-2013-888-198	蜻蜓		2352	DRAGONFLY	2	
Chen-2013-888-199	蝴蝶		1791	BUTTERFLY	2	
Chen-2013-888-200	树		906	TREE	2	
Chen-2013-888-201	树干		344	TREE TRUNK		
Chen-2013-888-202	樹枝		1531	BRANCH		
Chen-2013-888-203	树梢					
Chen-2013-888-204	树根		670	ROOT		
Chen-2013-888-205	叶子		628	LEAF	2	
Chen-2013-888-206	花		239	FLOWER	2	
Chen-2013-888-207	果子		1507	FRUIT		
Chen-2013-888-208	芽		1684	BUD	2	
Chen-2013-888-209	杉树		1915	FIR	2	
Chen-2013-888-210	松树		1740	PINE	2	
Chen-2013-888-211	桃		2043	PEACH		
Chen-2013-888-212	李子					
Chen-2013-888-213	梨		922	PEAR	2	
Chen-2013-888-214	橘子		2627	ORANGE (FRUIT)		
Chen-2013-888-215	柿子		2044	PERSIMMON	2	
Chen-2013-888-216	葡萄		920	GRAPE	2	
Chen-2013-888-217	竹子		1927	BAMBOO	2	
Chen-2013-888-218	藤子		2497	RATTAN		
Chen-2013-888-219	苎麻		3063	RAMIE	2	
Chen-2013-888-220	刺		124	THORN	2	
Chen-2013-888-221	水稻		429	SWIDDEN FIELD	2	
Chen-2013-888-222	种子		714	SEED	2	
Chen-2013-888-223	秧		3050	SEEDLING		
Chen-2013-888-224	包谷					
Chen-2013-888-225	高粱		347	SORGHUM	2	
Chen-2013-888-226	粟		605	GRAIN		
Chen-2013-888-227	菜		924	VEGETABLES	2	
Chen-2013-888-228	白菜		774	CABBAGE	2	
Chen-2013-888-229	油菜					
Chen-2013-888-230	韭菜					
Chen-2013-888-231	萝卜		3062	TURNIP	2	
Chen-2013-888-232	芋头		351	TARO	2	
Chen-2013-888-233	茄子		1146	AUBERGINE	2	
Chen-2013-888-234	辣椒		919	CHILI PEPPER	2	
Chen-2013-888-235	葱		2366	ONION	2	
Chen-2013-888-236	蒜		2368	GARLIC	2	
Chen-2013-888-237	姜		2500	GINGER		
Chen-2013-888-238	红薯		159	SWEET POTATO		
Chen-2013-888-239	笋		2494	BAMBOO SHOOT		
Chen-2013-888-240	瓜		507	MELON	2	
Chen-2013-888-241	瓜藤		343	VINE		
Chen-2013-888-242	瓜子					
Chen-2013-888-243	南瓜		864	PUMPKIN	2	
Chen-2013-888-244	西瓜		2766	WATERMELON	2	
Chen-2013-888-245	黄瓜		496	CUCUMBER	2	
Chen-2013-888-246	葫芦		411	GOURD		
Chen-2013-888-247	冬瓜		411	GOURD	2	
Chen-2013-888-248	豆		832	BEAN	2	
Chen-2013-888-249	黄豆		2027	SOYA	2	
Chen-2013-888-250	豇豆					
Chen-2013-888-251	花生		2364	PEANUT	2	
Chen-2013-888-252	芝麻		2797	SESAME		
Chen-2013-888-253	草		606	GRASS	2	
Chen-2013-888-254	茅草		279	THATCH		
Chen-2013-888-255	蓝靛苗					
Chen-2013-888-256	蕨菜					add Bracken
Chen-2013-888-257	蘑菇		641	MUSHROOM	2	
Chen-2013-888-258	木耳					a kind of fungus. for eating
Chen-2013-888-259	米		926	RICE	2	
Chen-2013-888-260	糯米		2750	GLUTINOUS RICE	2	
Chen-2013-888-261	饭		1191	COOKED RICE	2	
Chen-2013-888-262	粥		2049	CONGEE	2	
Chen-2013-888-263	粑粑					add Baba
Chen-2013-888-264	面粉		1594	FLOUR	2	
Chen-2013-888-265	肉		2615	FLESH OR MEAT	2	
Chen-2013-888-266	牛肉		2570	BEEF		
Chen-2013-888-267	羊肉					add lamb meat
Chen-2013-888-268	猪肉		2769	PORK		
Chen-2013-888-269	肥肉		2449	FAT (OF MEAT AND FOOD)	2	
Chen-2013-888-270	瘦肉		2219	LEAN (MEAT)		
Chen-2013-888-271	猪油		2557	PIG FAT	2	
Chen-2013-888-272	菜油		2555	OIL (FROM PLANTS)		
Chen-2013-888-273	盐		1274	SALT	2	
Chen-2013-888-274	糖		862	SUGAR	2	
Chen-2013-888-275	白糖					add white sugar
Chen-2013-888-276	红糖				2	add brown sugar
Chen-2013-888-277	蛋		744	EGG	2	
Chen-2013-888-278	蛋白					
Chen-2013-888-279	蛋黄		1556	YOLK		
Chen-2013-888-280	壳儿		598	SHELL		
Chen-2013-888-281	豆腐					
Chen-2013-888-282	汤		1547	SOUP	2	
Chen-2013-888-283	酒		404	ALCOHOL (FERMENTED DRINK)	2	
Chen-2013-888-284	茶		1373	TEA	2	
Chen-2013-888-285	茶叶					add tea leaf
Chen-2013-888-286	甜酒		842	LIQUOR		
Chen-2013-888-287	开水					
Chen-2013-888-288	药		1372	MEDICINE	2	
Chen-2013-888-289	糠		2363	CHAFF (HUSK)	2	
Chen-2013-888-290	棉花		1850	COTTON	2	
Chen-2013-888-291	纱					add muslin
Chen-2013-888-292	布		1616	CLOTH	2	
Chen-2013-888-293	衣		1895	CLOTHES		
Chen-2013-888-294	棉衣					
Chen-2013-888-295	衣领		2012	COLLAR		
Chen-2013-888-296	袖子		2953	SLEEVE	2	
Chen-2013-888-297	扣子		757	BUTTON		
Chen-2013-888-298	衣袋		1851	POCKET		
Chen-2013-888-299	裤子		809	TROUSERS	2	
Chen-2013-888-300	裙子		1600	SKIRT	2	
Chen-2013-888-301	头巾		3066	SCARF OR TURBAN	2	
Chen-2013-888-302	帽子		771	HAT	2	
Chen-2013-888-303	裹腿布					
Chen-2013-888-304	鞋		1381	SHOE	2	
Chen-2013-888-305	草鞋		2047	STRAW SANDAL	2	
Chen-2013-888-306	袜子		1522	SOCK	2	
Chen-2013-888-307	蓑衣		1662	CAPE	2	
Chen-2013-888-308	斗笠		2160	BAMBOO HAT	2	
Chen-2013-888-309	被子		2048	QUILT	2	
Chen-2013-888-310	枕头		1044	PILLOW	2	
Chen-2013-888-311	席子		195	MAT	2	
Chen-2013-888-312	蚊帐		2795	MOSQUITO NET	2	
Chen-2013-888-313	棉絮					add batting
Chen-2013-888-314	房子		1252	HOUSE	2	
Chen-2013-888-315	瓦房					
Chen-2013-888-316	草房					
Chen-2013-888-317	厨房		1365	KITCHEN	2	
Chen-2013-888-318	厕所		219	TOILET	2	
Chen-2013-888-319	仓库		3025	BARN OR SHED	2	
Chen-2013-888-320	牛圈		2949	LAIR		
Chen-2013-888-321	门		1567	DOOR	2	
Chen-2013-888-322	砖		1006	BRICK	2	
Chen-2013-888-323	瓦					add tile
Chen-2013-888-324	墙		933	WALL (OF HOUSE)	2	
Chen-2013-888-325	楼					
Chen-2013-888-326	窗子		1375	WINDOW	2	
Chen-2013-888-327	木头		1803	WOOD	2	
Chen-2013-888-328	木板		1227	BOARD		
Chen-2013-888-329	柱子		2045	COLUMN	2	
Chen-2013-888-330	台阶		1158	STEP		
Chen-2013-888-331	船		1844	BOAT	2	
Chen-2013-888-332	车		1111	CAR		
Chen-2013-888-333	马鞍		3065	SADDLE		
Chen-2013-888-334	鞭子		2630	WHIP	2	
Chen-2013-888-335	伞		3105	UMBRELLA		
Chen-2013-888-336	斧子		677	AXE		
Chen-2013-888-337	柴刀		2680	MACHETE		
Chen-2013-888-338	锤子		1481	HAMMER		
Chen-2013-888-339	凿子		1979	CHISEL		
Chen-2013-888-340	锯子		1948	SAW	2	
Chen-2013-888-341	锉子					
Chen-2013-888-342	锥子		278	AWL		
Chen-2013-888-343	刨子					
Chen-2013-888-344	钳子					
Chen-2013-888-345	犁		2154	PLOUGH (INSTRUMENT)	2	
Chen-2013-888-346	耙		338	RAKE	4	
Chen-2013-888-347	钉耙		338	RAKE		
Chen-2013-888-348	锄头		284	HOE	2	
Chen-2013-888-349	扁担					
Chen-2013-888-350	绳子		1218	ROPE	2	
Chen-2013-888-351	镰刀		341	SICKLE	2	
Chen-2013-888-352	麻袋		2990	SACK		
Chen-2013-888-353	箩筐		1539	BASKET	2	
Chen-2013-888-354	织布机		1787	LOOM	2	
Chen-2013-888-355	纺车					
Chen-2013-888-356	弓		994	BOW	2	
Chen-2013-888-357	箭		977	ARROW	2	
Chen-2013-888-358	锍					
Chen-2013-888-359	火药		1798	GUNPOWDER	2	
Chen-2013-888-360	风箱					add bellows
Chen-2013-888-361	网		2653	NET (FOR CATCHING)	4	
Chen-2013-888-362	囱		1305	CHIMNEY		
Chen-2013-888-363	石磨		636	MILL		
Chen-2013-888-364	筛子		86	SIEVE	2	
Chen-2013-888-365	簸箕		2051	DUSTPAN	2	
Chen-2013-888-366	钩子		1071	HOOK	2	
Chen-2013-888-367	床		1663	BED	2	
Chen-2013-888-368	桌子		1775	TABLE	2	
Chen-2013-888-369	椅子		1476	CHAIR	2	
Chen-2013-888-370	凳子		2058	STOOL	2	
Chen-2013-888-371	箱子		1465	BOX	2	
Chen-2013-888-372	柜子					add cabinet
Chen-2013-888-373	架子		745	SHELF		
Chen-2013-888-374	扫帚		245	BROOM	2	
Chen-2013-888-375	刷子		1821	BRUSH	2	
Chen-2013-888-376	柴		10	FIREWOOD	2	
Chen-2013-888-377	灶		859	STOVE	2	
Chen-2013-888-378	锅		2056	WOK	2	
Chen-2013-888-379	甑子					
Chen-2013-888-380	菜刀		2772	VEGETABLE KNIFE	2	
Chen-2013-888-381	碗		1530	BOWL	2	
Chen-2013-888-382	筷子		1987	CHOPSTICKS	2	
Chen-2013-888-383	勺子		1378	SPOON	2	
Chen-2013-888-384	酒杯					
Chen-2013-888-385	坛子					add jar
Chen-2013-888-386	水缸					
Chen-2013-888-387	水桶					
Chen-2013-888-388	罐子		1051	CAN		
Chen-2013-888-389	水瓢					
Chen-2013-888-390	火钳		272	TONGS		
Chen-2013-888-391	吹火筒					
Chen-2013-888-392	篮子		1539	BASKET		
Chen-2013-888-393	背带		2973	STRAP		
Chen-2013-888-394	扇子		1971	FAN (OBJECT)	2	
Chen-2013-888-395	秤		2783	SCALES (MEASURE INSTRUMENT)	2	
Chen-2013-888-396	尺子					
Chen-2013-888-397	针		1382	NEEDLE (FOR SEWING)	2	
Chen-2013-888-398	剪刀		356	SHEARS	2	
Chen-2013-888-399	梯子		1464	LADDER	2	
Chen-2013-888-400	锁		1596	LOCK	2	
Chen-2013-888-401	钥匙		1472	KEY	2	
Chen-2013-888-402	灯		625	LAMP	2	
Chen-2013-888-403	灯笼					
Chen-2013-888-404	镜子		1171	MIRROR	2	
Chen-2013-888-405	耳环		770	EARRING	2	
Chen-2013-888-406	手镯		1754	BRACELET	2	
Chen-2013-888-407	梳子		1475	COMB	2	
Chen-2013-888-408	棺材		2011	COFFIN	2	
Chen-2013-888-409	钱		1559	MONEY	2	
Chen-2013-888-410	货物		1082	MERCHANT 		
Chen-2013-888-411	鼓		908	DRUM	2	
Chen-2013-888-412	锣		2502	GONG	2	
Chen-2013-888-413	钟		2246	BELL	2	
Chen-2013-888-414	喇叭		775	TRUMPET		
Chen-2013-888-415	香		376	FRAGRANT	2	
Chen-2013-888-416	蜡烛		1273	CANDLE	2	
Chen-2013-888-417	话		1115	SPEECH	2	
Chen-2013-888-418	歌		1096	SONG	2	
Chen-2013-888-419	故事		2060	STORY	2	
Chen-2013-888-420	谜语		2970	RIDDLE		
Chen-2013-888-421	笔		794	PEN	2	
Chen-2013-888-422	书		963	BOOK	2	
Chen-2013-888-423	纸		648	PAPER	2	
Chen-2013-888-424	信		1612	LETTER	2	
Chen-2013-888-425	球		1845	BALL	2	
Chen-2013-888-426	旗子		2623	FLAG	2	
Chen-2013-888-427	牌		2619	CARD		
Chen-2013-888-428	一		1493	ONE	2	
Chen-2013-888-429	二		1498	TWO	2	
Chen-2013-888-430	三		492	THREE	2	
Chen-2013-888-431	四		1500	FOUR	2	
Chen-2013-888-432	五		493	FIVE	2	
Chen-2013-888-433	六		1703	SIX	2	
Chen-2013-888-434	七		1704	SEVEN	2	
Chen-2013-888-435	八		1705	EIGHT	2	
Chen-2013-888-436	九		1483	NINE	2	
Chen-2013-888-437	十		1515	TEN	2	
Chen-2013-888-438	十一		1706	ELEVEN	2	
Chen-2013-888-439	十二		1707	TWELVE	2	
Chen-2013-888-440	十三		1708	THIRTEEN	2	
Chen-2013-888-441	十四		2451	FOURTEEN	2	
Chen-2013-888-442	十五		1709	FIFTEEN	2	
Chen-2013-888-443	十六		2454	SIXTEEN	2	
Chen-2013-888-444	十		1515	TEN	2	
Chen-2013-888-445	十七		2453	SEVENTEEN	2	
Chen-2013-888-446	十		1515	TEN	2	
Chen-2013-888-447	十八		1713	EIGHTEEN	2	
Chen-2013-888-448	十九		1714	NINETEEN	2	
Chen-2013-888-449	二十		1710	TWENTY	2	
Chen-2013-888-450	三十		1715	THIRTY	2	
Chen-2013-888-451	百		1634	HUNDRED	2	
Chen-2013-888-452	位（客）		516	PERSON (CLASSIFIER)	4	
Chen-2013-888-453	个（蛋）				4	
Chen-2013-888-454	只（鸡）		2081	CHICKEN (CLASSIFIER)	2	
Chen-2013-888-455	条（河）		2084	ROPE (CLASSIFIER)	4	
Chen-2013-888-456	棵（树）		2721	TREE (CLASSIFIER)	4	
Chen-2013-888-457	根（棍）		2085	STICK (CLASSIFIER)	2	
Chen-2013-888-458	块		594	PIECE		
Chen-2013-888-459	双		2089	PAIR (CLASSIFIER)	2	
Chen-2013-888-460	层					
Chen-2013-888-461	件		2088	CLOTHING (CLASSIFIER)	4	
Chen-2013-888-462	句					
Chen-2013-888-463	首					
Chen-2013-888-464	斤		2647	CATTY (MASS UNIT)	2	
Chen-2013-888-465	两					
Chen-2013-888-466	丈					
Chen-2013-888-467	尺		2782	FOOT (MEASURE)	2	
Chen-2013-888-468	元		1406	FAR	2	
Chen-2013-888-469	年		1226	YEAR	2	
Chen-2013-888-470	月		1370	MONTH	2	
Chen-2013-888-471	天		1225	DAY (NOT NIGHT)	2	
Chen-2013-888-472	岁		1789	AGE	2	
Chen-2013-888-473	每天					
Chen-2013-888-474	前面		2194	FRONT (PART)	2	
Chen-2013-888-475	后面		1686	BEHIND	2	
Chen-2013-888-476	左边		244	LEFT	2	
Chen-2013-888-477	右边		1019	RIGHT	2	
Chen-2013-888-478	上边		57	ATOP		
Chen-2013-888-479	下边		1485	BELOW OR UNDER		
Chen-2013-888-480	里边		1606	INSIDE	2	
Chen-2013-888-481	外边		762	OUTSIDE	2	
Chen-2013-888-482	中间		1093	MIDDLE	2	
Chen-2013-888-483	旁边		682	SIDE	2	
Chen-2013-888-484	今天		1283	TODAY	2	
Chen-2013-888-485	明天		1329	TOMORROW	2	
Chen-2013-888-486	昨天		1174	YESTERDAY	2	
Chen-2013-888-487	后天		1179	DAY AFTER TOMORROW	2	
Chen-2013-888-488	上午		2775	FORENOON	2	
Chen-2013-888-489	中午		12	MIDDAY	2	
Chen-2013-888-490	下午		1807	AFTERNOON	2	
Chen-2013-888-491	早晨		1339	MORNING	2	
Chen-2013-888-492	晚上		1629	EVENING	2	
Chen-2013-888-493	半夜		1233	NIGHT		
Chen-2013-888-494	初一					
Chen-2013-888-495	初二					
Chen-2013-888-496	初三					
Chen-2013-888-497	正月		2036	JANUARY	2	
Chen-2013-888-498	二月		2037	FEBRUARY	2	
Chen-2013-888-499	三月		2846	MARCH	2	
Chen-2013-888-500	四月		2847	APRIL	2	
Chen-2013-888-501	五月		2848	MAY (MONTH)	2	
Chen-2013-888-502	六月		2849	JUNE	2	
Chen-2013-888-503	七月		2850	JULY	2	
Chen-2013-888-504	八月		2851	AUGUST	2	
Chen-2013-888-505	九月		2852	SEPTEMBER	2	
Chen-2013-888-506	十月		2853	OCTOBER	2	
Chen-2013-888-507	十一月		2854	NOVEMBER	2	
Chen-2013-888-508	十二月		2855	DECEMBER	2	
Chen-2013-888-509	今年		513	THIS YEAR	2	
Chen-2013-888-510	去年		514	LAST YEAR	2	
Chen-2013-888-511	明年		515	NEXT YEAR	2	
Chen-2013-888-512	现在		1376	NOW	2	
Chen-2013-888-513	将来		2427	FUTURE		
Chen-2013-888-514	从前		2914	ONCE (IN THE PAST)	2	
Chen-2013-888-515	我		1209	I	2	
Chen-2013-888-516	我们		1212	WE	2	
Chen-2013-888-517	你		1215	THOU	2	
Chen-2013-888-518	你们		1213	YOU	2	
Chen-2013-888-519	他		1211	HE	2	
Chen-2013-888-520	他们		817	THEY	2	
Chen-2013-888-521	大家		98	ALL	2	
Chen-2013-888-522	自己		1993	SELF	2	
Chen-2013-888-523	别人		2422	SOMEONE	2	
Chen-2013-888-524	这		1214	THIS	2	
Chen-2013-888-525	那		78	THAT	2	
Chen-2013-888-526	什么		1236	WHAT	2	
Chen-2013-888-527	哪个		727	WHICH		
Chen-2013-888-528	哪里		1237	WHERE	2	
Chen-2013-888-529	大		1202	BIG	2	
Chen-2013-888-530	小		1246	SMALL	2	
Chen-2013-888-531	高		1265	HIGH	2	
Chen-2013-888-532	矮、低		721	LOW		
Chen-2013-888-533	长		1203	LONG	2	
Chen-2013-888-534	短		1645	SHORT	2	
Chen-2013-888-535	远		1406	FAR	2	
Chen-2013-888-536	近		1942	NEAR	2	
Chen-2013-888-537	宽		1243	WIDE	2	
Chen-2013-888-538	窄		1267	NARROW	2	
Chen-2013-888-539	厚		1244	THICK	2	
Chen-2013-888-540	薄		2306	THIN (OF LEAF AND CLOTH)	2	
Chen-2013-888-541	深		1593	DEEP	2	
Chen-2013-888-542	浅		193	SHALLOW	2	
Chen-2013-888-543	满		1429	FULL	2	
Chen-2013-888-544	空		1624	EMPTY	2	
Chen-2013-888-545	多		1198	MANY	2	
Chen-2013-888-546	少		1242	FEW	2	
Chen-2013-888-547	方		2757	ANGULAR (SQUAREFORMED)	2	
Chen-2013-888-548	圆		1395	ROUND	2	
Chen-2013-888-549	扁		1633	FLAT		
Chen-2013-888-550	尖		1396	SHARP	2	
Chen-2013-888-551	平		1633	FLAT	2	
Chen-2013-888-552	直		1404	STRAIGHT	2	
Chen-2013-888-553	横		2376	HORIZONTAL	2	
Chen-2013-888-554	弯		2004	BEND	2	
Chen-2013-888-555	黑		163	BLACK	2	
Chen-2013-888-556	白		1335	WHITE	2	
Chen-2013-888-557	红		156	RED	2	
Chen-2013-888-558	黄		1424	YELLOW	2	
Chen-2013-888-559	绿		1425	GREEN	2	
Chen-2013-888-560	蓝		837	BLUE	2	
Chen-2013-888-561	亮		679	BRIGHT	2	
Chen-2013-888-562	暗		706	DARK	2	
Chen-2013-888-563	重		1210	HEAVY	2	
Chen-2013-888-564	轻		1052	LIGHT (WEIGHT)	2	
Chen-2013-888-565	快		1631	FAST	2	
Chen-2013-888-566	慢		701	SLOW	2	
Chen-2013-888-567	早		672	EARLY	2	
Chen-2013-888-568	迟		425	BE LATE	2	
Chen-2013-888-569	锋利		1396	SHARP	2	
Chen-2013-888-570	清		1147	PURE	4	
Chen-2013-888-571	稀（疏）		209	RARE	4	
Chen-2013-888-572	蜜（稠）					
Chen-2013-888-573	浓		1244	THICK		
Chen-2013-888-574	稠（浊）		2239	DENSE	4	
Chen-2013-888-575	淡		2181	LIGHT (IN TASTE)	2	
Chen-2013-888-576	胖		1279	FAT (OBESE)	2	
Chen-2013-888-577	痩		1400	THIN (SLIM)	4	
Chen-2013-888-578	干枯					add withered
Chen-2013-888-579	湿		1726	WET	2	
Chen-2013-888-580	硬		1884	HARD	2	
Chen-2013-888-581	软		1856	SOFT	2	
Chen-2013-888-582	活		1422	BE ALIVE	2	
Chen-2013-888-583	死		1494	DIE	2	
Chen-2013-888-584	光		1624	EMPTY		
Chen-2013-888-585	松		2506	LOOSE	4	
Chen-2013-888-586	紧		3053	TIGHT	4	
Chen-2013-888-587	齐					
Chen-2013-888-588	对		1725	CORRECT (RIGHT)	2	
Chen-2013-888-589	错		1390	WRONG		
Chen-2013-888-590	真		1657	TRUE	4	
Chen-2013-888-591	假		3069	FALSE	4	
Chen-2013-888-592	生		1959	RAW	2	
Chen-2013-888-593	熟		269	COOKED	2	
Chen-2013-888-594	新		1231	NEW	2	
Chen-2013-888-595	旧		2113	OLD (USED)	2	
Chen-2013-888-596	好		1035	GOOD	2	
Chen-2013-888-597	坏		1292	BAD	2	
Chen-2013-888-598	贵		1426	EXPENSIVE	2	
Chen-2013-888-599	贱					
Chen-2013-888-600	老		2112	OLD (AGED)	2	
Chen-2013-888-601	嫩		1207	YOUNG	4	
Chen-2013-888-602	美		1427	BEAUTIFUL		
Chen-2013-888-603	丑		1548	UGLY	2	
Chen-2013-888-604	热		1286	HOT	2	
Chen-2013-888-605	冷		1287	COLD	2	
Chen-2013-888-606	难		584	DIFFICULT	2	
Chen-2013-888-607	容易		686	EASY	2	
Chen-2013-888-608	香		376	FRAGRANT	2	
Chen-2013-888-609	臭		1587	SMELL (STINK)	2	
Chen-2013-888-610	酸		1906	SOUR	2	
Chen-2013-888-611	甜		717	SWEET	2	
Chen-2013-888-612	苦		887	BITTER	2	
Chen-2013-888-613	辣		544	SPICY	2	
Chen-2013-888-614	咸		1091	SALTY	2	
Chen-2013-888-615	醒		825	AWAKE	2	
Chen-2013-888-616	忙		2755	BUSY	2	
Chen-2013-888-617	富		712	RICH	2	
Chen-2013-888-618	穷		1674	POOR	2	
Chen-2013-888-619	干净		704	CLEAN	2	
Chen-2013-888-620	脏		1230	DIRTY	2	
Chen-2013-888-621	饱		106	SATIATED	2	
Chen-2013-888-622	饿		1533	BE HUNGRY	2	
Chen-2013-888-623	渴		847	THIRSTY	2	
Chen-2013-888-624	困					
Chen-2013-888-625	累		1757	TIRED	2	
Chen-2013-888-626	急					
Chen-2013-888-627	聪明		2530	SMART	2	
Chen-2013-888-628	傻		1518	STUPID	2	
Chen-2013-888-629	勤快		2077	DILIGENT	2	
Chen-2013-888-630	懒		1564	LAZY	2	
Chen-2013-888-631	凶					add fierce
Chen-2013-888-632	响		377	LOUD		
Chen-2013-888-633	熬					
Chen-2013-888-634	拔		2325	PULL OUT	2	
Chen-2013-888-635	搻		1749	TAKE		
Chen-2013-888-636	搬		765	MOVE	2	
Chen-2013-888-637	帮助		1897	HELP	2	
Chen-2013-888-638	捆绑		1917	TIE		
Chen-2013-888-639	剥		275	PEEL	2	
Chen-2013-888-640	抱		928	EMBRACE	2	
Chen-2013-888-641	背		465	CARRY ON BACK	2	
Chen-2013-888-642	比					
Chen-2013-888-643	编（辫子）		1043	BRAID	4	
Chen-2013-888-644	编（篮子）		1043	BRAID	4	
Chen-2013-888-645	变		1264	CHANGE	2	
Chen-2013-888-646	病		1847	SICK	2	
Chen-2013-888-647	补		2243	REPAIR	2	
Chen-2013-888-648	猜		1932	GUESS	2	
Chen-2013-888-649	踩		2065	STEP (VERB)	2	
Chen-2013-888-650	藏		2486	HIDE	2	
Chen-2013-888-651	插		3071	INSERT	2	
Chen-2013-888-652	折		1470	FOLD	4	
Chen-2013-888-653	缠		1113	WRAP		
Chen-2013-888-654	唱		1261	SING	2	
Chen-2013-888-655	炒		2162	STIR FRY	2	
Chen-2013-888-656	沉		1088	SINK (DESCEND)		
Chen-2013-888-657	称		1098	WEIGH	2	
Chen-2013-888-658	成		1990	BECOME		
Chen-2013-888-659	吃		1336	EAT	2	
Chen-2013-888-660	舂		225	PESTLE		
Chen-2013-888-661	出		1107	GO OUT	2	
Chen-2013-888-662	锄（革）		1418	DIG		
Chen-2013-888-663	穿（衣）		814	DRESS UP	4	
Chen-2013-888-664	穿（鞋）		158	PUT ON	4	
Chen-2013-888-665	吹（喇叭）		176	BLOW (WITH MOUTH)	4	
Chen-2013-888-666	搓		430	TWIST	2	
Chen-2013-888-667	答应		1675	PROMISE		
Chen-2013-888-668	打鸣		2074	CROW (VERB)		
Chen-2013-888-669	打（人）		1433	HIT	4	
Chen-2013-888-670	打（枪）		3180	SHOOT (WITH SLINGSHOT)	4	
Chen-2013-888-671	戴（帽）		976	WEAR	2	
Chen-2013-888-672	戴（手镯）		976	WEAR	4	
Chen-2013-888-673	倒（下）		1280	FALL		
Chen-2013-888-674	到		1387	ARRIVE	2	
Chen-2013-888-675	倒（水）		1487	POUR		
Chen-2013-888-676	得到		694	GET		
Chen-2013-888-677	等		1590	WAIT (FOR)	2	
Chen-2013-888-678	掉		750	DROP	2	
Chen-2013-888-679	吊		2884	HANG		
Chen-2013-888-680	跌倒		1280	FALL	2	
Chen-2013-888-681	动		2874	MOVE (ONESELF)		
Chen-2013-888-682	堵塞					
Chen-2013-888-683	（线）断		460	BREAK (OF ROPE)	4	
Chen-2013-888-684	（扁担）断		2558	BREAK (CLEAVE)	4	
Chen-2013-888-685	躲避					
Chen-2013-888-686	剁		2149	CHOP (INTO PIECES)	2	
Chen-2013-888-687	翻		1445	TURN (SOMETHING) 		
Chen-2013-888-688	发烧		1534	FEVER		
Chen-2013-888-689	纺		121	SPIN	4	
Chen-2013-888-690	放（牛）		998	PUT	4	
Chen-2013-888-691	飞		1441	FLY (MOVE THROUGH AIR)	2	
Chen-2013-888-692	分		1359	SEPARATE	2	
Chen-2013-888-693	缝		1457	SEW	2	
Chen-2013-888-694	孵		2075	BROOD (VERB)	2	
Chen-2013-888-695	扶					
Chen-2013-888-696	浮		1574	FLOAT	2	
Chen-2013-888-697	（应）该					
Chen-2013-888-698	改		2856	CHANGE (SOMETHING)	2	
Chen-2013-888-699	盖（被）					
Chen-2013-888-700	盖（锅）		761	COVER		
Chen-2013-888-701	赶走			DISPEL		
Chen-2013-888-702	敢		1779	DARE	2	
Chen-2013-888-703	告诉		1711	TELL	2	
Chen-2013-888-704	割（草）		1432	CUT	4	
Chen-2013-888-705	给		1447	GIVE	2	
Chen-2013-888-706	耕		1486	PLANT (SOMETHING)		
Chen-2013-888-707	（猪）拱（土）					
Chen-2013-888-708	刮		175	BLOW (OF WIND)	2	
Chen-2013-888-709	挂		357	HANG UP	2	
Chen-2013-888-710	关（门）		1046	SHUT		
Chen-2013-888-711	滚		827	ROLL	4	
Chen-2013-888-712	过（桥）		1367	CROSS	4	
Chen-2013-888-713	害羞		487	SHY	2	
Chen-2013-888-714	喝		1401	DRINK	2	
Chen-2013-888-715	哼					add hum
Chen-2013-888-716	划		234	PADDLE		
Chen-2013-888-717	化					
Chen-2013-888-718	怀孕		1123	PREGNANT		
Chen-2013-888-719	还帐					
Chen-2013-888-720	换		2509	EXCHANGE	2	
Chen-2013-888-721	回来		581	COME BACK		
Chen-2013-888-722	会（写）		2238	KNOW OR BE ABLE	4	
Chen-2013-888-723	挤		1414	SQUEEZE	2	
Chen-2013-888-724	记得		707	REMEMBER	2	
Chen-2013-888-725	夹					
Chen-2013-888-726	捡		371	PICK UP		
Chen-2013-888-727	剪		2155	CUT (WITH SCISSORS)	2	
Chen-2013-888-728	浇		3078	IRRIGATE	4	
Chen-2013-888-729	吠		1204	BARK	2	
Chen-2013-888-730	结（果）		1917	TIE	4	
Chen-2013-888-731	连接		2862	CONNECT	2	
Chen-2013-888-732	解开		352	UNTIE		
Chen-2013-888-733	借（钱）		1823	BORROW	4	
Chen-2013-888-734	进（屋）		749	ENTER	4	
Chen-2013-888-735	救		2008	RESCUE	2	
Chen-2013-888-736	锯					add saw (something)
Chen-2013-888-737	开（门）		1156	OPEN	2	
Chen-2013-888-738	（水）开		792	BOIL (OF LIQUID)	4	
Chen-2013-888-739	（花）开		3287	BLOOM	4	
Chen-2013-888-740	砍（树）		1432	CUT (WITH AXE)	4	
Chen-2013-888-741	砍（骨头）		155	CHOP	4	
Chen-2013-888-742	看		1819	LOOK	2	
Chen-2013-888-743	看见		1409	SEE	2	
Chen-2013-888-744	扛		413	CARRY ON SHOULDER	2	
Chen-2013-888-745	烤（火）		1962	ROAST (SOMETHING)	4	
Chen-2013-888-746	咳嗽		879	COUGH	2	
Chen-2013-888-747	啃		2706	GNAW	2	
Chen-2013-888-748	哭		1839	CRY	2	
Chen-2013-888-749	拉屎		676	SHIT (DEFECATE)		
Chen-2013-888-750	来		1446	COME	2	
Chen-2013-888-751	烂		1728	ROTTEN	2	
Chen-2013-888-752	破裂		680	BREAK (DESTROY OR GET DESTROYED)		
Chen-2013-888-753	流		2003	FLOW	2	
Chen-2013-888-754	留		2003	FLOW	2	
Chen-2013-888-755	漏		2253	DRIP (EMIT LIQUID)	4	
Chen-2013-888-756	落		1280	FALL	2	
Chen-2013-888-757	骂		299	SCOLD	4	
Chen-2013-888-758	埋		1719	BURY	2	
Chen-2013-888-759	买		1869	BUY	2	
Chen-2013-888-760	卖		1571	SELL	2	
Chen-2013-888-761	没有					
Chen-2013-888-762	（火）灭		127	EXTINGUISH	4	
Chen-2013-888-763	摸		1892	TOUCH		
Chen-2013-888-764	磨（刀）		251	SHARPEN (SOMETHING)	4	
Chen-2013-888-765	磨（面）		1033	GRIND	2	
Chen-2013-888-766	拿		2104	HOLD OR TAKE	2	
Chen-2013-888-767	念					
Chen-2013-888-768	呕吐		1278	VOMIT	2	
Chen-2013-888-769	爬行		96	CRAWL		
Chen-2013-888-770	爬（树）		1102	CLIMB	4	
Chen-2013-888-771	怕		1419	FEAR (BE AFRAID)	2	
Chen-2013-888-772	拍		2133	STRIKE OR BEAT	2	
Chen-2013-888-773	跑		1519	RUN	2	
Chen-2013-888-774	泡					
Chen-2013-888-775	赔					
Chen-2013-888-776	喷					
Chen-2013-888-777	劈		1437	SPLIT	4	
Chen-2013-888-778	（衣）破		680	BREAK (DESTROY OR GET DESTROYED)	4	
Chen-2013-888-779	骑		367	RIDE	2	
Chen-2013-888-780	起来		570	STAND UP		
Chen-2013-888-781	牵		43	LEAD (GUIDE)	4	
Chen-2013-888-782	欠		369	OWE	2	
Chen-2013-888-783	抢		2073	ROB (VERB)	2	
Chen-2013-888-784	敲		2396	KNOCK		
Chen-2013-888-785	请					
Chen-2013-888-786	去		695	GO	2	
Chen-2013-888-787	缺					
Chen-2013-888-788	燃		2012	BURN		
Chen-2013-888-789	认识		2248	KNOW (SOMEBODY)	2	
Chen-2013-888-790	融化		2334	MELT	2	
Chen-2013-888-791	撒尿		592	PISS		
Chen-2013-888-792	扫		230	SWEEP	4	
Chen-2013-888-793	杀（人）		1417	KILL	4	
Chen-2013-888-794	筛		86	SIEVE	2	
Chen-2013-888-795	晒		2015	MAKE DRY	2	
Chen-2013-888-796	上（楼）		705	GO UP (ASCEND)	4	
Chen-2013-888-797	烧（山）		141	BURN (SOMETHING)	4	
Chen-2013-888-798	射		1172	SHOOT	2	
Chen-2013-888-799	生（小孩）		1195	GIVE BIRTH	4	
Chen-2013-888-800	是		1268	YES	2	
Chen-2013-888-801	不是		1269	NO	2	
Chen-2013-888-802	收（玉米）		694	GET	4	
Chen-2013-888-803	守（庄稼）					
Chen-2013-888-804	梳		2070	COMB (VERB)	4	
Chen-2013-888-805	输		1660	LOSE	2	
Chen-2013-888-806	数（钱）		1420	COUNT	4	
Chen-2013-888-807	拴（牛）		2891	TIE UP (TETHER)		
Chen-2013-888-808	睡觉		1585	SLEEP	2	
Chen-2013-888-809	说		1458	SAY	2	
Chen-2013-888-810	送（客）		1447	GIVE	4	
Chen-2013-888-811	赠送					
Chen-2013-888-812	缩		54	SHRINK		
Chen-2013-888-813	抬		501	LIFT	2	
Chen-2013-888-814	逃跑		2142	RUN AWAY	2	
Chen-2013-888-815	乞讨		1828	ASK (REQUEST)		
Chen-2013-888-816	疼		1129	PAINFUL	4	
Chen-2013-888-817	提		501	LIFT	2	
Chen-2013-888-818	填		2006	FILL		
Chen-2013-888-819	挑（水）		413	CARRY ON SHOULDER	4	
Chen-2013-888-820	跳		1829	JUMP	2	
Chen-2013-888-821	听		1608	LISTEN	2	
Chen-2013-888-822	听见		1408	HEAR	2	
Chen-2013-888-823	偷		713	STEAL	2	
Chen-2013-888-824	吐（痰）		1440	SPIT	2	
Chen-2013-888-825	推		1452	PUSH	2	
Chen-2013-888-826	退		421	RETREAT	2	
Chen-2013-888-827	拖		1455	PULL	2	
Chen-2013-888-828	脱（衣）		1755	UNDRESS	4	
Chen-2013-888-829	脱（皮）		1755	UNDRESS	4	
Chen-2013-888-830	挖		1418	DIG	2	
Chen-2013-888-831	忘记		1523	FORGET	2	
Chen-2013-888-832	喂（猪）		739	FEED	4	
Chen-2013-888-833	嗅		1586	SMELL (PERCEIVE)	2	
Chen-2013-888-834	问		1309	ASK (INQUIRE)	2	
Chen-2013-888-835	吸气		2705	INHALE		
Chen-2013-888-836	洗（碗）		1453	WASH	4	
Chen-2013-888-837	洗（衣）		1453	WASH	4	
Chen-2013-888-838	下（楼）		374	ONE TIME	4	
Chen-2013-888-839	下（雨）		1253	RAIN (RAINING)	4	
Chen-2013-888-840	下（小猪）		1195	GIVE BIRTH	4	add give birth (animal)
Chen-2013-888-841	想		2271	THINK	2	
Chen-2013-888-842	削		275	PEEL		
Chen-2013-888-843	笑		1355	LAUGH	2	
Chen-2013-888-844	醒		1602	WAKE UP	2	
Chen-2013-888-845	选		1750	CHOOSE		
Chen-2013-888-846	寻找		1468	LOOK FOR	2	
Chen-2013-888-847	压		1913	PRESS	2	
Chen-2013-888-848	痒		148	ITCH	2	
Chen-2013-888-849	摇		1909	SHAKE		
Chen-2013-888-850	咬		1403	BITE	2	
Chen-2013-888-851	要		1784	WANT	2	
Chen-2013-888-852	移动		765	MOVE		
Chen-2013-888-853	游		1439	SWIM	2	
Chen-2013-888-854	有		2152	THERE IS OR THERE ARE	2	
Chen-2013-888-855	没有		2329	LACK (NOT HAVE)		
Chen-2013-888-856	栽		1486	PLANT (SOMETHING)		
Chen-2013-888-857	炸		991	FRY	4	
Chen-2013-888-858	站		1442	STAND	2	
Chen-2013-888-859	长（大）		552	GROW UP	4	
Chen-2013-888-860	胀		1573	SWELL		
Chen-2013-888-861	找		1468	LOOK FOR	2	
Chen-2013-888-862	照					
Chen-2013-888-863	折断		2558	BREAK (CLEAVE)		
Chen-2013-888-864	争					
Chen-2013-888-865	蒸		2068	BRAISE (VERB)	2	
Chen-2013-888-866	知道		1410	KNOW (SOMETHING)	2	
Chen-2013-888-867	织（布）		133	WEAVE	2	
Chen-2013-888-868	指					add point to 
Chen-2013-888-869	肿		1573	SWELL	2	
Chen-2013-888-870	种（菜）		653	PLANT (VEGETATION)	4	
Chen-2013-888-871	煮		1100	COOK (SOMETHING)	4	
Chen-2013-888-872	住		363	DWELL (LIVE, RESIDE)	2	
Chen-2013-888-873	抓		1436	SCRATCH	2	
Chen-2013-888-874	转（身）		1588	TURN	4	
Chen-2013-888-875	转动		121	SPIN		
Chen-2013-888-876	装		1679	LOAD	4	
Chen-2013-888-877	追		1435	HUNT	2	
Chen-2013-888-878	捉		702	CATCH	2	
Chen-2013-888-879	啄					add peck
Chen-2013-888-880	走		1443	WALK	2	
Chen-2013-888-881	醉		1463	DRUNK	2	
Chen-2013-888-882	坐		1416	SIT	2	
Chen-2013-888-883	做		813	DO	4	
Chen-2013-888-884	不		1240	NOT	2	
Chen-2013-888-885	都		98	ALL	2	
Chen-2013-888-886	也					
Chen-2013-888-887	很		1311	VERY	2	
Chen-2013-888-888	和		1577	AND	2	
Chen-2013-888-889	的					
Chen-2013-888-890	极		1311	VERY		
