	NUMBER	GLOSS	English	CONCEPTICON_ID	CONCEPTICON_GLOSS	SIMILARITY	Note	Huang_STEDT_English	English_by_concepticon	Huang_Chinese
0	Chen-2013-888-1	天	sky	1732.0	SKY	2.0		sky	sky	天
1	Chen-2013-888-2	太阳	sun	1343.0	SUN	2.0		sun	sun	太阳
2	Chen-2013-888-3	月亮	moon	1313.0	MOON	2.0		moon	moon	月亮
3	Chen-2013-888-4	星星	star	1430.0	STAR	2.0		star	star	星星
4	Chen-2013-888-5	云	cloud	1489.0	CLOUD	2.0		cloud	cloud	云
5	Chen-2013-888-6	虹	rainbow	1733.0	RAINBOW	2.0		rainbow	rainbow	虹
6	Chen-2013-888-7	雷	thunder	1150.0	THUNDER	2.0		thunder	thunder	雷
7	Chen-2013-888-8	闪		1654.0	LIGHTNING				lightning	闪电
8	Chen-2013-888-9	风	wind	960.0	WIND	2.0		wind	wind (thread onto a	缠(~线)
9	Chen-2013-888-10	雨	rain	658.0	RAIN (PRECIPITATION)	2.0		rain	rain	雨
10	Chen-2013-888-11	雪	snow	784.0	SNOW	2.0		snow	snow	雪
11	Chen-2013-888-12	露水	dew	1977.0	DEW	2.0		dew	dew	露水
12	Chen-2013-888-13	霜	frost	2034.0	FROST	2.0		frost	frost	霜
13	Chen-2013-888-14	火	fire	221.0	FIRE	2.0		fire	fire	火
14	Chen-2013-888-15	灰		646.0	ASH	2.0			plant ash	草木灰
15	Chen-2013-888-16	烟		778.0	SMOKE (EXHAUST)	2.0			smoke / fumigate	熏
16	Chen-2013-888-17	扬尘								
17	Chen-2013-888-18	地	earth / ground	2159.0	GROUND	2.0		earth / ground	earth / ground	地
18	Chen-2013-888-19	山	hill / mountain	639.0	MOUNTAIN	2.0		hill / mountain	hill / mountain	山
19	Chen-2013-888-20	洞	cave / hole	1667.0	HOLE	2.0	洞 is hole, 山洞 is cave, this gloss is written on the page along with  山 and 河, I assume it means cave, but since the gloss is only 洞, I translate it as hole 	cave / hole	cave / hole	洞
20	Chen-2013-888-21	河		666.0	RIVER	2.0			river (big) (note:+big)	河 (大~)
21	Chen-2013-888-22	池塘	pond	2035.0	POND	2.0		pond	pond	池塘
22	Chen-2013-888-23	沟	ditch / gully	2002.0	DITCH	4.0		ditch / gully	ditch / gully	沟
23	Chen-2013-888-24	井	well	954.0	WELL	2.0		well	well	井
24	Chen-2013-888-25	路	road	667.0	ROAD	2.0		road	road	路
25	Chen-2013-888-26	水田	paddy field	140.0	PADDY FIELD	2.0		paddy fields||paddy field		
26	Chen-2013-888-27	旱地		212.0	FIELD	2.0			fields (wheat etc., slashed) (note:+plowed)	地(田~) (刀耕~)
27	Chen-2013-888-28	石头	stone	857.0	STONE	2.0		stone	classifier for rocks, stones	块(一~石头)
28	Chen-2013-888-29	沙子	sand	671.0	SAND	2.0		sand	sand	沙子
29	Chen-2013-888-30	泥巴	mud	640.0	MUD			mud	mud	泥巴
30	Chen-2013-888-31	水	water	948.0	WATER	2.0		water (in a river, well)||water (in a vessel)||water	water (boiled)	开水
31	Chen-2013-888-32	铁	iron	621.0	IRON	2.0		iron	iron	铁
32	Chen-2013-888-33	煤	coal	2658.0	COAL	2.0		coal	coal	煤
33	Chen-2013-888-34	村寨		930.0	VILLAGE	2.0			village	村子
34	Chen-2013-888-35	集市		633.0	MARKET	2.0				
35	Chen-2013-888-36	桥		1011.0	BRIDGE	2.0			bridge (vine)	桥 ((*的)~)
36	Chen-2013-888-37	坟墓		1773.0	GRAVE	2.0			tomb	坟
37	Chen-2013-888-38	菜园		586.0	GARDEN	2.0			garden (plot)	园子
38	Chen-2013-888-39	篱笆	fence (bamboo / twig)	1690.0	FENCE			fence (bamboo / twig)	fence (bamboo / twig)	篱笆
39	Chen-2013-888-40	人	human being	683.0	PERSON	2.0		human being	human being	人
40	Chen-2013-888-41	汉族					add HAN			
41	Chen-2013-888-42	族称								
42	Chen-2013-888-43	小孩		2099.0	CHILD					
43	Chen-2013-888-44	老头儿	old man	406.0	OLD MAN			old man	old man	老头儿
44	Chen-2013-888-45	老太太	old lady	907.0	OLD WOMAN			old lady	old lady	老太太
45	Chen-2013-888-46	姑娘	girl	1646.0	GIRL			girl	girl	姑娘
46	Chen-2013-888-47	瞎子		457.0	BLIND PERSON	2.0			blind person (one eye) (note:+both_eyes)	瞎子 ((双眼)~)
47	Chen-2013-888-48	跛子	lame person	2322.0	LAME PERSON	2.0		lame person	lame person	跛子
48	Chen-2013-888-49	聋子	deaf person	458.0	DEAF PERSON	2.0		deaf person	deaf person	聋子
49	Chen-2013-888-50	麻子					add POCKMARK			
50	Chen-2013-888-51	哑巴		1666.0	MUTE	2.0				
51	Chen-2013-888-52	孤儿	orphan	1149.0	ORPHAN			orphan	orphan	孤儿
52	Chen-2013-888-53	独子								
53	Chen-2013-888-54	客人	guest	1782.0	GUEST	2.0		guest	guest	客人
54	Chen-2013-888-55	朋友		1325.0	FRIEND	2.0			friend (male-to-male) (note:+male-male)	朋友 ((男朋友互称))
55	Chen-2013-888-56	木匠	carpenter	1042.0	CARPENTER	2.0		carpenter	carpenter	木匠
56	Chen-2013-888-57	贼	thief	1160.0	THIEF			thief	thief	贼
57	Chen-2013-888-58	名字	name	1405.0	NAME	2.0		name	name	名字
58	Chen-2013-888-59	年纪	age	1789.0	AGE			age	age	年纪
59	Chen-2013-888-60	影子	shadow	1388.0	SHADE	2.0		shadow	shadow	影子
60	Chen-2013-888-61	力气	strength (physical)	202.0	STRENGTH	2.0		strength (physical)	strength (physical)	力气
61	Chen-2013-888-62	鬼	ghost / spirit	1175.0	GHOST	2.0		ghost / spirit	ghost / spirit	鬼
62	Chen-2013-888-63	祖父		1383.0	GRANDFATHER	2.0			grandfather (address) (note:+address)	爷爷 ((对称))
63	Chen-2013-888-64	祖母		1496.0	GRANDMOTHER	2.0			grandmother (address) (note:?)	奶奶 (亲~)
64	Chen-2013-888-65	父亲		1217.0	FATHER	2.0			father (reference) (note:+citation)	父亲 ((引称))
65	Chen-2013-888-66	母亲		1216.0	MOTHER	2.0			mother (reference) (note:+citation)	母亲 ((引称))
66	Chen-2013-888-67	儿子		1620.0	SON	2.0			son (intimate) (note:+citation)	儿子 ((一般称谓))
67	Chen-2013-888-68	儿媳		1057.0	DAUGHTER-IN-LAW	2.0			daughter-in-law (address) (note:+citation)	媳妇(儿~) ((引称))
68	Chen-2013-888-69	女儿	daughter	1357.0	DAUGHTER	2.0		daughter	daughter	女儿
69	Chen-2013-888-70	女婿		1056.0	SON-IN-LAW	2.0			son-in-law (doesn't come calling) (note:+married_in)	女婿 ((上门)~)
70	Chen-2013-888-71	孙子	grandson	1618.0	GRANDSON	2.0		grandson	grandson	孙子
71	Chen-2013-888-72	哥哥	elder brother	1759.0	OLDER BROTHER	2.0		elder brother (reference by y. sister)||elder brother (reference)||elder brother (addressed by y. brother)||elder brother (addressed by y. sister)||elder brother (address)||elder brother||elder brother (reference by y. brother)	elder brother	哥哥
72	Chen-2013-888-73	姐姐		1758.0	OLDER SISTER	2.0				
73	Chen-2013-888-74	弟弟	younger brother (address)	1760.0	YOUNGER BROTHER	2.0		younger brother (address by o. sister)||younger brother (address by o. brother)||younger brother (reference)||younger brother (addressby o. sister)||younger brother (address)||younger brother	younger brother (address)	弟弟
74	Chen-2013-888-75	妹妹		1761.0	YOUNGER SISTER	2.0				
75	Chen-2013-888-76	嫂子	sister-in-law	2695.0	SISTER-IN-LAW (OLDER BROTHER'S WIFE)	2.0				
76	Chen-2013-888-77	舅父	uncle (mother’s borther)	2692.0	MATERNAL UNCLE (MOTHER'S BROTHER)	2.0			uncle (mother’s borther)	舅父
77	Chen-2013-888-78	舅母	aunt (mother’s brother’s wife)	2172.0	MATERNAL AUNT (WIFE OF MOTHER'S BROTHER)	2.0			"aunt (mother's sister}} (= wife of mom's bro) (note:""mother's_brother's_wife"")"	"姨母 (同""舅母"")"
78	Chen-2013-888-79	丈夫		1200.0	HUSBAND	2.0			husband (address) (note:+citation)	丈夫 ((引称))
79	Chen-2013-888-80	妻子		1199.0	WIFE	2.0			wife (address) (note:+citation)	妻子 ((引称))
80	Chen-2013-888-81	身体		1480.0	BODY	2.0			body (front) (note:+front)	身体 (前身)
81	Chen-2013-888-82	头	head	1256.0	HEAD	2.0		head	head	头
82	Chen-2013-888-83	头发	hair	2648.0	HAIR (HEAD)	2.0		hair		
83	Chen-2013-888-84	辫子		333.0	PLAIT	2.0			plait	编(~辫子)
84	Chen-2013-888-85	眉毛	eyebrow	1173.0	EYEBROW	2.0		eyebrow	eyebrow	眉毛
85	Chen-2013-888-86	眼睛	eye	1248.0	EYE	2.0		eye	eye	眼睛
86	Chen-2013-888-87	鼻子	nose	1221.0	NOSE	2.0		nose	nose	鼻子
87	Chen-2013-888-88	耳朵	ear	1247.0	EAR	2.0		ear	ear	耳朵
88	Chen-2013-888-89	脸		1560.0	FACE	2.0			face (self-respect)	脸 (一画)
89	Chen-2013-888-90	嘴，口		674.0	MOUTH				mouth (opening) (note:mouth  |  opening)	嘴 (口)
90	Chen-2013-888-91	胡须		678.0	BEARD				beard	连鬓胡
91	Chen-2013-888-92	下巴	chin	1510.0	CHIN	2.0		chin	chin	下巴
92	Chen-2013-888-93	脖子		1333.0	NECK	2.0			neck (back of, hindneck, nape) (note:+front)	脖子 (颈部)
93	Chen-2013-888-94	肩膀	shoulder	1482.0	SHOULDER	2.0		shoulder	shoulder	扛
94	Chen-2013-888-95	背	back	1291.0	BACK	2.0		back	back	背
95	Chen-2013-888-96	胸脯		1592.0	CHEST	2.0			chest / box / trunk	箱子
96	Chen-2013-888-97	肚子		1251.0	BELLY	2.0			belly	肚子(腹部)
97	Chen-2013-888-98	肚脐	navel	1838.0	NAVEL	2.0		navel	navel	肚脐
98	Chen-2013-888-99	腰	waist	1681.0	WAIST	2.0		waist	waist	腰
99	Chen-2013-888-100	屁股	buttocks	834.0	BUTTOCKS	2.0		buttocks	buttocks	屁股
100	Chen-2013-888-101	肛门	anus	1935.0	ANUS			anus	anus	肛门
101	Chen-2013-888-102	腿		1297.0	LEG	2.0				
102	Chen-2013-888-103	脚	foot	1301.0	FOOT	2.0		foot	mix (powder) with water (stomp w / feet)	和(~泥) ((用脚)踩)
103	Chen-2013-888-104	手	hand	1277.0	HAND	2.0		hand	hand	手
104	Chen-2013-888-105	手指	finger	1303.0	FINGER	2.0		finger	finger	手指
105	Chen-2013-888-106	指甲	nail	1258.0	FINGERNAIL	2.0		nail		
106	Chen-2013-888-107	拳		1473.0	FIST				fist (solid) (note:-hollow)	拳 ((实心的)~)
107	Chen-2013-888-108	皮肤	skin	763.0	SKIN	2.0		skin	skin	皮肤
108	Chen-2013-888-109	筋	tendon / sinew	1137.0	TENDON	2.0		tendon / sinew	tendon / sinew	筋
109	Chen-2013-888-110	脑髓	brains	1583.0	BRAIN			brains	brains	脑髓
110	Chen-2013-888-111	骨头	bone	1394.0	BONE	2.0		bone	bone	骨头
111	Chen-2013-888-112	牙齿	tooth	1380.0	TOOTH	2.0		tooth	tooth	牙齿
112	Chen-2013-888-113	舌		1205.0	TONGUE	2.0			tongue	舌头
113	Chen-2013-888-114	喉咙	throat	1346.0	THROAT	2.0		throat	throat	喉咙
114	Chen-2013-888-115	肺	lung	688.0	LUNG	2.0		lung	lung	肺
115	Chen-2013-888-116	心脏	heart	1223.0	HEART	2.0		heart	heart	心脏
116	Chen-2013-888-117	肝	liver	1224.0	LIVER	2.0		liver	liver	肝
117	Chen-2013-888-118	胃		819.0	STOMACH	2.0			stomach (cow, goat) (note:+livestock {lit. cow, sheep})	胃 ((牛,羊)~)
118	Chen-2013-888-119	胆	gall bladder				add Gallbladder	gall bladder		
119	Chen-2013-888-120	血	blood	946.0	BLOOD	2.0		blood	blood	血
120	Chen-2013-888-121	奶汁	milk	635.0	MILK			milk||milk (cow's)	milk	奶汁
121	Chen-2013-888-122	屎	excrement	675.0	FAECES (EXCREMENT)	2.0		excrement	excrement	屎
122	Chen-2013-888-123	肠子	intestine	1991.0	INTESTINES	2.0		intestine	intestine	肠子
123	Chen-2013-888-124	尿	urine	1142.0	URINE	2.0		urine	urine	尿
124	Chen-2013-888-125	汗	sweat	2458.0	PERSPIRE OR SWEAT	2.0		sweat		
125	Chen-2013-888-126	口水	saliva	1503.0	SALIVA	2.0		saliva	saliva	口水
126	Chen-2013-888-127	鼻涕	mucus (nasal)	208.0	NASAL MUCUS (SNOT)	2.0		mucus (nasal)	mucus (nasal)	鼻涕
127	Chen-2013-888-128	眼泪	tears	1651.0	TEAR (OF EYE)	2.0		tears	tears	眼泪
128	Chen-2013-888-129	脓	pus	1808.0	PUS	2.0		pus	pus	脓
129	Chen-2013-888-130	牛	cattle	1007.0	COW	2.0		cattle	cow	母牛
130	Chen-2013-888-131	水牛	buffalo	2516.0	WATER BUFFALO	2.0		buffalo		
131	Chen-2013-888-132	黄牛		1153.0	CATTLE	2.0			cattle	牛
132	Chen-2013-888-133	母牛	cow	1007.0	COW	2.0		cow	cow	母牛
133	Chen-2013-888-134	公牛	bull	1008.0	BULL	2.0		bull	bull	公牛
134	Chen-2013-888-135	牛犊								
135	Chen-2013-888-136	（牛）角		1393.0	HORN (ANATOMY)	4.0			horn	犄角
136	Chen-2013-888-137	蹄		152.0	HOOF	2.0			hoof (odd number) (note:+odd_toed)	蹄 (奇数~)
137	Chen-2013-888-138	皮		763.0	SKIN	2.0			skin	皮肤
138	Chen-2013-888-139	毛		580.0	FUR	2.0				
139	Chen-2013-888-140	尾巴	tail	1220.0	TAIL	2.0		bee||tail	tail	尾巴
140	Chen-2013-888-141	马		615.0	HORSE	2.0		horse	classifier for age of animals (cows) (note:+horse)	岁口(一~牛、马) ((马的)~)
141	Chen-2013-888-142	羊	sheep (general)	2684.0	CAPRINE (GOAT OR SHEEP)	2.0		sheep (general)		
142	Chen-2013-888-143	猪	pig	1337.0	PIG	2.0		pig	pig	猪
143	Chen-2013-888-144	狗	dog	2009.0	DOG	2.0		dog	hound	猎狗
144	Chen-2013-888-145	猫	cat	1208.0	CAT	2.0		cat	cat	猫
145	Chen-2013-888-146	兔子	rabbit	2345.0	LEPORID (RABBIT OR HARE)	2.0		rabbit		
146	Chen-2013-888-147	鸡	chicken	1318.0	CHICKEN	2.0		chicken	chicken	鸡
147	Chen-2013-888-148	公鸡	cock	1511.0	ROOSTER	2.0		cock	cock	公鸡
148	Chen-2013-888-149	母鸡	hen	1514.0	HEN	2.0		hen	hen	母鸡
149	Chen-2013-888-150	鸡冠	cockscomb				add cockscomb	cockscomb		
150	Chen-2013-888-151	爪子	claw / talon	72.0	CLAW	2.0		claw / talon||claw / talon (chicken's rear claws)	claw / talon	爪子
151	Chen-2013-888-152	翅膀	wing	1257.0	WING	2.0		wing	wing	翅膀
152	Chen-2013-888-153	鸭子		1360.0	DUCK	2.0			duck (domestic) (note:+domestic)	鸭子 (家鸭)
153	Chen-2013-888-154	鹅	goose	1187.0	GOOSE	2.0		goose	goose (wild)	大雁
154	Chen-2013-888-155	鸽子	dove	1853.0	DOVE	2.0		dove	turtledove	斑鸠
155	Chen-2013-888-156	老虎	tiger	846.0	TIGER	2.0		tiger	tiger	老虎
156	Chen-2013-888-157	猴子	monkey	1350.0	MONKEY	2.0		monkey	monkey	猴子
157	Chen-2013-888-158	熊	bear	1820.0	BEAR	2.0		bear	bear	熊
158	Chen-2013-888-159	野猪	boar (wild)	1348.0	BOAR	2.0		boar (wild)	boar (wild)	野猪
159	Chen-2013-888-160	穿山甲		2508.0	PANGOLIN					
160	Chen-2013-888-161	老鼠	mouse	2139.0	MUROID (MOUSE OR RAT)	2.0		mouse		
161	Chen-2013-888-162	黄鼠狼	weasel (yellow)					weasel (yellow)		
162	Chen-2013-888-163	狐狸	fox	1312.0	FOX	2.0		fox	fox	狐狸
163	Chen-2013-888-164	鸟	bird	937.0	BIRD	2.0		bird	bird	鸟
164	Chen-2013-888-165	鸟窝	nest (bird)	539.0	NEST			nest (bird)	nest (bird)	鸟窝
165	Chen-2013-888-166	老鹰	kite (black-eared) / hawk	1905.0	EAGLE	2.0		kite (black-eared) / hawk	eagle / vulture	雕
166	Chen-2013-888-167	猫头鹰	owl	735.0	OWL			owl	owl	猫头鹰
167	Chen-2013-888-168	燕子	swallow	3077.0	SWALLOW (BIRD)	2.0		swallow	swallow	燕子
168	Chen-2013-888-169	麻雀	sparrow	1854.0	SPARROW	2.0		sparrow	sparrow	麻雀
169	Chen-2013-888-170	乌鸦	crow	913.0	CROW	2.0		crow||pheasant	crow	乌鸦
170	Chen-2013-888-171	野鸡	pheasant	3060.0	PHEASANT			pheasant (short-tailed)||pheasant||pheasant (long-tailed)	pheasant	野鸡
171	Chen-2013-888-172	斑鸠	turtledove	1853.0	DOVE	2.0		turtledove	turtledove	斑鸠
172	Chen-2013-888-173	啄木鸟	woodpecker	2447.0	WOODPECKER			woodpecker	woodpecker	啄木鸟
173	Chen-2013-888-174	蛇	snake	730.0	SNAKE	2.0		snake	snake	蛇
174	Chen-2013-888-175	青蛙	frog	503.0	FROG	2.0		frog	frog	青蛙
175	Chen-2013-888-176	鱼	fish	227.0	FISH	2.0		fish	fish	鱼
176	Chen-2013-888-177	鳞	scale	266.0	SCALE			scale	scale	鳞
177	Chen-2013-888-178	黄鳝								
178	Chen-2013-888-179	泥鳅								
179	Chen-2013-888-180	虾		2349.0	SHRIMP					
180	Chen-2013-888-181	螃蟹		2348.0	CRAB	2.0				
181	Chen-2013-888-182	螺蛳					add water snail			
182	Chen-2013-888-183	蚂蟥	leech	2273.0	LEECH			leech||leech (water)||leech (mountain, arid area)	leech	蚂蟥
183	Chen-2013-888-184	虫		1027.0	BUG	2.0				
184	Chen-2013-888-185	臭虫	bedbug	1949.0	BEDBUG	2.0		bedbug	bedbug	臭虫
185	Chen-2013-888-186	虱子		1392.0	LOUSE	2.0			louse	虱
186	Chen-2013-888-187	苍蝇	fly	1504.0	FLY (INSECT)	2.0		fly	fly	苍蝇
187	Chen-2013-888-188	蛆		2640.0	LARVA	2.0				
188	Chen-2013-888-189	蚊子		1509.0	MOSQUITO	2.0			mosquito (relatively small) (note:+larger)	蚊子 ((较大的)~)
189	Chen-2013-888-190	蜘蛛	spider	843.0	SPIDER	2.0		spider	spider	蜘蛛
190	Chen-2013-888-191	蚯蚓	earthworm	2350.0	EARTHWORM	2.0		earthworm	earthworm	蚯蚓
191	Chen-2013-888-192	蛔虫					add roundworms			
192	Chen-2013-888-193	蚂蚁	ant	587.0	ANT	2.0		ant	ant	蚂蚁
193	Chen-2013-888-194	蜜蜂	bee	665.0	BEE	2.0		bee	bee	蜜蜂
194	Chen-2013-888-195	马蜂		1517.0	WASP					
195	Chen-2013-888-196	马蜂窝								
196	Chen-2013-888-197	螳螂					add mantis			
197	Chen-2013-888-198	蜻蜓	dragonfly	2352.0	DRAGONFLY	2.0		dragonfly	dragonfly	蜻蜓
198	Chen-2013-888-199	蝴蝶	butterfly	1791.0	BUTTERFLY	2.0		butterfly	butterfly	蝴蝶
199	Chen-2013-888-200	树	tree	906.0	TREE	2.0		tree	tree	树
200	Chen-2013-888-201	树干	trunk	344.0	TREE TRUNK			tree||trunk	trunk	树干
201	Chen-2013-888-202	樹枝		1531.0	BRANCH				branch / twig	树枝
202	Chen-2013-888-203	树梢								
203	Chen-2013-888-204	树根		670.0	ROOT				root	根
204	Chen-2013-888-205	叶子	leaf	628.0	LEAF	2.0		leaf	leaf	叶子
205	Chen-2013-888-206	花	flower	239.0	FLOWER	2.0		flower	flower	花
206	Chen-2013-888-207	果子		1507.0	FRUIT				"fruit (lit. 'pear peach apricot') (note:""plum-peach-apricot"")"	"水果 (""梨桃杏"")"
207	Chen-2013-888-208	芽		1684.0	BUD	2.0			bud	蓓蕾
208	Chen-2013-888-209	杉树		1915.0	FIR	2.0			fir (China) (mid-elevation 'hanging' fir)	
209	Chen-2013-888-210	松树		1740.0	PINE	2.0			pine (said by youth) (note:+elderly{speech})	松树 ((老人语))
210	Chen-2013-888-211	桃		2043.0	PEACH				peach	桃子
211	Chen-2013-888-212	李子								
212	Chen-2013-888-213	梨		922.0	PEAR	2.0			pear (flat: Ch. 'bian3 li2') (note:+small +yellow)	梨 ((小黄)~)
213	Chen-2013-888-214	橘子		2627.0	ORANGE (FRUIT)					
214	Chen-2013-888-215	柿子	persimmon	2044.0	PERSIMMON	2.0		persimmon (big)||persimmon||persimmon (small)||persimmon (dried)||persimmon (fresh)	persimmon	柿子
215	Chen-2013-888-216	葡萄	grape	920.0	GRAPE	2.0		grape	grape	葡萄
216	Chen-2013-888-217	竹子		1927.0	BAMBOO	2.0			bamboo (thick, coarse) (note:+thick)	竹子 (粗~)
217	Chen-2013-888-218	藤子		2497.0	RATTAN				cane / vine (tendrilled) (note:+bamboo)	藤子 (藤竹)
218	Chen-2013-888-219	苎麻		3063.0	RAMIE	2.0				
219	Chen-2013-888-220	刺		124.0	THORN	2.0			thorn / splinter	刺儿
220	Chen-2013-888-221	水稻	rice (paddy)	429.0	SWIDDEN FIELD	2.0		rice (paddy)	paddy field	水田
221	Chen-2013-888-222	种子	seed	714.0	SEED	2.0		seed	seed	种子
222	Chen-2013-888-223	秧	seedling (rice)	3050.0	SEEDLING			seedling (rice)	seedling (rice)	秧
223	Chen-2013-888-224	包谷								
224	Chen-2013-888-225	高粱		347.0	SORGHUM	2.0				
225	Chen-2013-888-226	粟		605.0	GRAIN				foodstuff / grain	粮食
226	Chen-2013-888-227	菜		924.0	VEGETABLES	2.0			vegetable	蔬菜
227	Chen-2013-888-228	白菜		774.0	CABBAGE	2.0				
228	Chen-2013-888-229	油菜								
229	Chen-2013-888-230	韭菜								
230	Chen-2013-888-231	萝卜	radish	3062.0	TURNIP	2.0		radish		
231	Chen-2013-888-232	芋头		351.0	TARO	2.0				
232	Chen-2013-888-233	茄子		1146.0	AUBERGINE	2.0				
233	Chen-2013-888-234	辣椒	pepper (hot) / chili	919.0	CHILI PEPPER	2.0		pepper (hot) / chili	pepper (hot) / chili	辣椒
234	Chen-2013-888-235	葱	onion / scallion	2366.0	ONION	2.0		onion / scallion	onion / scallion	葱
235	Chen-2013-888-236	蒜	garlic	2368.0	GARLIC	2.0		garlic	garlic	蒜
236	Chen-2013-888-237	姜	ginger	2500.0	GINGER			ginger	ginger	姜
237	Chen-2013-888-238	红薯		159.0	SWEET POTATO					
238	Chen-2013-888-239	笋		2494.0	BAMBOO SHOOT					
239	Chen-2013-888-240	瓜	melon / gourd	507.0	MELON	2.0		melon / gourd		
240	Chen-2013-888-241	瓜藤		343.0	VINE					
241	Chen-2013-888-242	瓜子								
242	Chen-2013-888-243	南瓜	pumpkin	864.0	PUMPKIN	2.0		pumpkin	pumpkin	南瓜
243	Chen-2013-888-244	西瓜		2766.0	WATERMELON	2.0				
244	Chen-2013-888-245	黄瓜	cucumber	496.0	CUCUMBER	2.0		cucumber	cucumber	黄瓜
245	Chen-2013-888-246	葫芦		411.0	GOURD				melon / gourd	瓜
246	Chen-2013-888-247	冬瓜		411.0	GOURD	2.0			melon / gourd	瓜
247	Chen-2013-888-248	豆	pea / bean	832.0	BEAN	2.0		pea / bean		
248	Chen-2013-888-249	黄豆	soya bean	2027.0	SOYA	2.0		soya bean		
249	Chen-2013-888-250	豇豆								
250	Chen-2013-888-251	花生	peanut	2364.0	PEANUT	2.0		peanut	peanut	花生
251	Chen-2013-888-252	芝麻	sesame	2797.0	SESAME			sesame	sesame	芝麻
252	Chen-2013-888-253	草		606.0	GRASS	2.0			grass (not eaten by draught animals) (note:+small)	草 (小~)
253	Chen-2013-888-254	茅草		279.0	THATCH					
254	Chen-2013-888-255	蓝靛苗								
255	Chen-2013-888-256	蕨菜					add Bracken			
256	Chen-2013-888-257	蘑菇	mushroom	641.0	MUSHROOM	2.0		mushroom||mushroom (white)||mushroom (yellow)	"fungus (edible) (lit. 'mouse's ear') (note:""old-person ear"")"	"木耳 (""老人耳朵"")"
257	Chen-2013-888-258	木耳					a kind of fungus. for eating			
258	Chen-2013-888-259	米	rice	926.0	RICE	2.0		rice	rice (unhusked)	谷粒
259	Chen-2013-888-260	糯米	rice (glutinous)	2750.0	GLUTINOUS RICE	2.0		rice (glutinous)		
260	Chen-2013-888-261	饭		1191.0	COOKED RICE	2.0			cooked, be (rice) / done	熟(饭~)
261	Chen-2013-888-262	粥		2049.0	CONGEE	2.0				
262	Chen-2013-888-263	粑粑					add Baba			
263	Chen-2013-888-264	面粉	flour	1594.0	FLOUR	2.0		flour	flour	面粉
264	Chen-2013-888-265	肉	meat	2615.0	FLESH OR MEAT	2.0		meat		
265	Chen-2013-888-266	牛肉		2570.0	BEEF					
266	Chen-2013-888-267	羊肉					add lamb meat			
267	Chen-2013-888-268	猪肉		2769.0	PORK					
268	Chen-2013-888-269	肥肉		2449.0	FAT (OF MEAT AND FOOD)	2.0				
269	Chen-2013-888-270	瘦肉	meat (lean)	2219.0	LEAN (MEAT)			meat (lean)		
270	Chen-2013-888-271	猪油		2557.0	PIG FAT	2.0				
271	Chen-2013-888-272	菜油		2555.0	OIL (FROM PLANTS)				oil (vegetable)	清油
272	Chen-2013-888-273	盐	salt	1274.0	SALT	2.0		salt	salt	盐
273	Chen-2013-888-274	糖	sugar	862.0	SUGAR	2.0		sugar (honey)||sugar (brown)||sugar	sugar	糖
274	Chen-2013-888-275	白糖					add white sugar			
275	Chen-2013-888-276	红糖				2.0	add brown sugar			
276	Chen-2013-888-277	蛋		744.0	EGG	2.0			egg	蛋(鸡~)
277	Chen-2013-888-278	蛋白								
278	Chen-2013-888-279	蛋黄		1556.0	YOLK					
279	Chen-2013-888-280	壳儿		598.0	SHELL					
280	Chen-2013-888-281	豆腐								
281	Chen-2013-888-282	汤		1547.0	SOUP	2.0			soup (vegetable) (note:+vegetable)	汤 (菜~)
282	Chen-2013-888-283	酒		404.0	ALCOHOL (FERMENTED DRINK)	2.0				
283	Chen-2013-888-284	茶	tea	1373.0	TEA	2.0		tea	tea	茶
284	Chen-2013-888-285	茶叶					add tea leaf			
285	Chen-2013-888-286	甜酒		842.0	LIQUOR					
286	Chen-2013-888-287	开水	water (boiled)					water (boiled)		
287	Chen-2013-888-288	药	medicine	1372.0	MEDICINE	2.0		medicine	medicine	药
288	Chen-2013-888-289	糠	chaff / bran	2363.0	CHAFF (HUSK)	2.0		chaff / bran||chaff / bran (wheat)||chaff / bran (highland barley)		
289	Chen-2013-888-290	棉花	cotton	1850.0	COTTON	2.0		cotton	cotton	棉花
290	Chen-2013-888-291	纱					add muslin			
291	Chen-2013-888-292	布	cloth	1616.0	CLOTH	2.0		cloth	cloth (Tibetan, woollen)	氆氇
292	Chen-2013-888-293	衣		1895.0	CLOTHES				clothing / garment	衣服
293	Chen-2013-888-294	棉衣								
294	Chen-2013-888-295	衣领	collar	2012.0	COLLAR			collar	collar	衣领
295	Chen-2013-888-296	袖子		2953.0	SLEEVE	2.0			sleeve	衣袖
296	Chen-2013-888-297	扣子	button	757.0	BUTTON			pants / trousers||button	button	扣子
297	Chen-2013-888-298	衣袋		1851.0	POCKET					
298	Chen-2013-888-299	裤子		809.0	TROUSERS	2.0			pants / trousers (female's) (note:+male)	裤子 (男裤)
299	Chen-2013-888-300	裙子		1600.0	SKIRT	2.0				
300	Chen-2013-888-301	头巾		3066.0	SCARF OR TURBAN	2.0				
301	Chen-2013-888-302	帽子		771.0	HAT	2.0			hat (men's) (note:+male)	帽子 (男帽)
302	Chen-2013-888-303	裹腿布								
303	Chen-2013-888-304	鞋	shoe	1381.0	SHOE	2.0		shoe	shoe	鞋
304	Chen-2013-888-305	草鞋		2047.0	STRAW SANDAL	2.0				
305	Chen-2013-888-306	袜子	sock / stocking	1522.0	SOCK	2.0		sock / stocking	sock / stocking	袜子
306	Chen-2013-888-307	蓑衣	cape (for rain, of straw or palm bark)	1662.0	CAPE	2.0		cape (for rain, of straw or palm bark)	cape (for rain, of straw or palm bark)	蓑衣
307	Chen-2013-888-308	斗笠		2160.0	BAMBOO HAT	2.0				
308	Chen-2013-888-309	被子		2048.0	QUILT	2.0				
309	Chen-2013-888-310	枕头	pillow	1044.0	PILLOW	2.0		pillow	pad / cushion	垫子
310	Chen-2013-888-311	席子		195.0	MAT	2.0			mat (woven bamboo) (note:+straw)	席子 (草~)
311	Chen-2013-888-312	蚊帐		2795.0	MOSQUITO NET	2.0				
312	Chen-2013-888-313	棉絮					add batting			
313	Chen-2013-888-314	房子	house	1252.0	HOUSE	2.0		house	building	楼房
314	Chen-2013-888-315	瓦房								
315	Chen-2013-888-316	草房								
316	Chen-2013-888-317	厨房	kitchen	1365.0	KITCHEN	2.0		kitchen	kitchen	厨房
317	Chen-2013-888-318	厕所		219.0	TOILET	2.0				
318	Chen-2013-888-319	仓库	warehouse / storehouse	3025.0	BARN OR SHED	2.0		warehouse / storehouse	shed (tears)	淌(~泪)
319	Chen-2013-888-320	牛圈	shed (cow) / fence (ox)	2949.0	LAIR			shed (cow) / fence (ox)		
320	Chen-2013-888-321	门	door	1567.0	DOOR	2.0		door	door	门
321	Chen-2013-888-322	砖	brick	1006.0	BRICK	2.0		brick	brick	砖
322	Chen-2013-888-323	瓦	tile				add tile	shingle||tile		
323	Chen-2013-888-324	墙	wall (earthen, cob wall)	933.0	WALL (OF HOUSE)	2.0		wall (earthen, cob wall)||wall (stone)||wall	wall (earthen, cob wall)	墙
324	Chen-2013-888-325	楼								
325	Chen-2013-888-326	窗子	window	1375.0	WINDOW	2.0		window	window	窗子
326	Chen-2013-888-327	木头	wood / log	1803.0	WOOD	2.0		wood / log	wood / log	木头
327	Chen-2013-888-328	木板		1227.0	BOARD				plank / board (coffin) (note:+small)	木板 (小~)
328	Chen-2013-888-329	柱子	pillar / column	2045.0	COLUMN	2.0		pillar / column	pillar / column	柱子
329	Chen-2013-888-330	台阶	flight of steps	1158.0	STEP			flight of steps	step / stride	步(走一~)
330	Chen-2013-888-331	船		1844.0	BOAT	2.0			boat / ship (wooden) (note:+wooden)	船 (木船)
331	Chen-2013-888-332	车		1111.0	CAR					
332	Chen-2013-888-333	马鞍	saddle	3065.0	SADDLE			saddle	saddle	马鞍
333	Chen-2013-888-334	鞭子		2630.0	WHIP	2.0			whip /	抽打
334	Chen-2013-888-335	伞		3105.0	UMBRELLA				"umbrella (lit. 'cloth hat') (note:""cloth hat"")"	"伞 (""布帽子"")"
335	Chen-2013-888-336	斧子		677.0	AXE				axe	斧头
336	Chen-2013-888-337	柴刀	chopper	2680.0	MACHETE			chopper		
337	Chen-2013-888-338	锤子	hammer	1481.0	HAMMER			hammer||hammer (small)||hammer (big)	hammer	锤子
338	Chen-2013-888-339	凿子		1979.0	CHISEL				chisel / bore (a hole)	凿
339	Chen-2013-888-340	锯子	saw	1948.0	SAW	2.0		saw	saw	锯
340	Chen-2013-888-341	锉子								
341	Chen-2013-888-342	锥子	awl	278.0	AWL			awl	awl	锥子
342	Chen-2013-888-343	刨子	plane (tool)					plane (tool)		
343	Chen-2013-888-344	钳子								
344	Chen-2013-888-345	犁	plow	2154.0	PLOUGH (INSTRUMENT)	2.0		plow	plow	犁
345	Chen-2013-888-346	耙	rake	338.0	RAKE	4.0		rake (iron-toothed)||rake (wooden)||rake	rake	耙
346	Chen-2013-888-347	钉耙		338.0	RAKE				rake	耙
347	Chen-2013-888-348	锄头		284.0	HOE	2.0			hoe (pointed) (note:+small)	锄头 (小锄)
348	Chen-2013-888-349	扁担	pole (carrying / shoulder)					pole (carrying / shoulder)		
349	Chen-2013-888-350	绳子	rope / string	1218.0	ROPE	2.0		rope / string	rope / string	绳子
350	Chen-2013-888-351	镰刀	sickle	341.0	SICKLE	2.0		sickle||net	sickle	镰刀
351	Chen-2013-888-352	麻袋		2990.0	SACK				parcel / sack (of things)	包(一~东西)
352	Chen-2013-888-353	箩筐		1539.0	BASKET	2.0			basket carried on the back	背篓
353	Chen-2013-888-354	织布机	loom	1787.0	LOOM	2.0		loom	loom	织布机
354	Chen-2013-888-355	纺车								
355	Chen-2013-888-356	弓	bow (for arrow)	994.0	BOW	2.0		bow (for arrow)	bow (for arrow)	弓
356	Chen-2013-888-357	箭	arrow	977.0	ARROW	2.0		arrow (poison, bamboo)||arrow||arrow (poison, with iron clusters)	arrow	箭
357	Chen-2013-888-358	锍								
358	Chen-2013-888-359	火药	gunpowder	1798.0	GUNPOWDER	2.0		gunpowder	gunpowder	火药
359	Chen-2013-888-360	风箱					add bellows			
360	Chen-2013-888-361	网	net	2653.0	NET (FOR CATCHING)	4.0		net		
361	Chen-2013-888-362	囱		1305.0	CHIMNEY					
362	Chen-2013-888-363	石磨		636.0	MILL				millstones (small mill) (note:water-mill)	磨(石~) (水~)
363	Chen-2013-888-364	筛子		86.0	SIEVE	2.0			sieve / sift	筛(~米)
364	Chen-2013-888-365	簸箕	fan (winnowing)	2051.0	DUSTPAN	2.0		fan (winnowing)		
365	Chen-2013-888-366	钩子		1071.0	HOOK	2.0			hook	钩
366	Chen-2013-888-367	床	bed	1663.0	BED	2.0		bed||bed (without bedding)||bed (with bedding)	bed	床
367	Chen-2013-888-368	桌子		1775.0	TABLE	2.0			table (word used by elderly) (note:younger{language})	桌子 ((青年语))
368	Chen-2013-888-369	椅子		1476.0	CHAIR	2.0				
369	Chen-2013-888-370	凳子	stool / bench	2058.0	STOOL	2.0		stool / bench		
370	Chen-2013-888-371	箱子	chest / box / trunk	1465.0	BOX	2.0		chest / box / trunk	box / case	盒子
371	Chen-2013-888-372	柜子	cupboard / cabinet				add cabinet	cupboard / cabinet		
372	Chen-2013-888-373	架子		745.0	SHELF					
373	Chen-2013-888-374	扫帚	broom	245.0	BROOM	2.0		broom	broom	扫帚
374	Chen-2013-888-375	刷子		1821.0	BRUSH	2.0				
375	Chen-2013-888-376	柴	firewood	10.0	FIREWOOD	2.0		firewood	firewood	柴
376	Chen-2013-888-377	灶	stove (cooking) / range (kitchen)	859.0	STOVE	2.0		wok (large, iron) / pan||stove (cooking) / range (kitchen)	stove (cooking) / range (kitchen)	灶
377	Chen-2013-888-378	锅		2056.0	WOK	2.0			wok (frying)	炒菜锅
378	Chen-2013-888-379	甑子								
379	Chen-2013-888-380	菜刀		2772.0	VEGETABLE KNIFE	2.0				
380	Chen-2013-888-381	碗		1530.0	BOWL	2.0			bowl (of cooked rice)	碗(一~饭)
381	Chen-2013-888-382	筷子		1987.0	CHOPSTICKS	2.0			chopsticks (term used by old people) (note:younger{language})	筷子 ((青年语))
382	Chen-2013-888-383	勺子		1378.0	SPOON	2.0			spoon	匙(调羹)
383	Chen-2013-888-384	酒杯								
384	Chen-2013-888-385	坛子	jar (earthen)				add jar	jar (earthen)		
385	Chen-2013-888-386	水缸								
386	Chen-2013-888-387	水桶	bucket					bucket (for carrying water on back)||bucket (red copper)||bucket		
387	Chen-2013-888-388	罐子	pot / jar / tin	1051.0	CAN			pot / jar / tin (big)||bottle||pot / jar / tin (earthenware)||pot / jar / tin (water)||pot / jar / tin (copper)||pot / jar / tin		
388	Chen-2013-888-389	水瓢								
389	Chen-2013-888-390	火钳	tongs (fire)	272.0	TONGS			tongs (fire)	tongs (fire)	火钳
390	Chen-2013-888-391	吹火筒								
391	Chen-2013-888-392	篮子		1539.0	BASKET				basket carried on the back	背篓
392	Chen-2013-888-393	背带		2973.0	STRAP					
393	Chen-2013-888-394	扇子		1971.0	FAN (OBJECT)	2.0				
394	Chen-2013-888-395	秤		2783.0	SCALES (MEASURE INSTRUMENT)	2.0				
395	Chen-2013-888-396	尺子	ruler (measure)					ruler (measure)		
396	Chen-2013-888-397	针	needle	1382.0	NEEDLE (FOR SEWING)	2.0		needle	needle	针
397	Chen-2013-888-398	剪刀		356.0	SHEARS	2.0			scissors	剪子
398	Chen-2013-888-399	梯子	ladder	1464.0	LADDER	2.0		ladder	ladder	梯子
399	Chen-2013-888-400	锁	lock	1596.0	LOCK	2.0		lock	lock (the door)	锁(~门)
400	Chen-2013-888-401	钥匙	key	1472.0	KEY	2.0		key	key	钥匙
401	Chen-2013-888-402	灯	light / lamp	625.0	LAMP	2.0		light / lamp (pine torch)||light / lamp||light / lamp (butter)||light / lamp (oil)	light / lamp	灯
402	Chen-2013-888-403	灯笼								
403	Chen-2013-888-404	镜子	mirror	1171.0	MIRROR	2.0		mirror	mirror	镜子
404	Chen-2013-888-405	耳环		770.0	EARRING	2.0			earrings (small) (note:+large)	耳环 (大~)
405	Chen-2013-888-406	手镯	bracelet	1754.0	BRACELET	2.0		bracelet	bracelet	手镯
406	Chen-2013-888-407	梳子	comb	1475.0	COMB	2.0		comb	comb	梳子
407	Chen-2013-888-408	棺材		2011.0	COFFIN	2.0				
408	Chen-2013-888-409	钱		1559.0	MONEY	2.0			"money (lit. 'conch shell') (note:""shells"")"	"钱(货币) (""贝壳"")"
409	Chen-2013-888-410	货物	goods / merchandise	1082.0	MERCHANT 			goods / merchandise||interest (financial)		
410	Chen-2013-888-411	鼓		908.0	DRUM	2.0			drum (big) (note:+small)	鼓 (小手~)
411	Chen-2013-888-412	锣	gong	2502.0	GONG	2.0		gong	gong	锣
412	Chen-2013-888-413	钟	chime	2246.0	BELL	2.0		chime	bell (small) (note:+temple)	铃 ((庙里挂的)~)
413	Chen-2013-888-414	喇叭		775.0	TRUMPET					
414	Chen-2013-888-415	香		376.0	FRAGRANT	2.0			fragrant	香(气味~)
415	Chen-2013-888-416	蜡烛		1273.0	CANDLE	2.0				
416	Chen-2013-888-417	话	speech / words	1115.0	SPEECH	2.0		speech / words	speech / words	话
417	Chen-2013-888-418	歌		1096.0	SONG	2.0			song (folk, sung in fields during or after work)	歌 (山~)
418	Chen-2013-888-419	故事	story	2060.0	STORY	2.0		story	story (of building)	层(两~楼)
419	Chen-2013-888-420	谜语	riddle	2970.0	RIDDLE			riddle	riddle	谜语
420	Chen-2013-888-421	笔		794.0	PEN	2.0			pen (writing instrument) (brush) (note:+bamboo)	笔 (竹~)
421	Chen-2013-888-422	书		963.0	BOOK	2.0			book (Tibetan style long strips) (note:+Tibetan_scroll)	书 ((藏式长条)~)
422	Chen-2013-888-423	纸	paper	648.0	PAPER	2.0		paper	paper	纸
423	Chen-2013-888-424	信	letter	1612.0	LETTER	2.0		letter	letter	信
424	Chen-2013-888-425	球		1845.0	BALL	2.0				
425	Chen-2013-888-426	旗子		2623.0	FLAG	2.0				
426	Chen-2013-888-427	牌		2619.0	CARD					
427	Chen-2013-888-428	一	one	1493.0	ONE	2.0		one	hectare, 1 / 15 of	亩(一~)
428	Chen-2013-888-429	二	two	1498.0	TWO	2.0		two	two	二
429	Chen-2013-888-430	三	three	492.0	THREE	2.0		three	three	三
430	Chen-2013-888-431	四	four	1500.0	FOUR	2.0		four	four	四
431	Chen-2013-888-432	五	five	493.0	FIVE	2.0		five	five	五
432	Chen-2013-888-433	六	six	1703.0	SIX	2.0		six	six	六
433	Chen-2013-888-434	七	seven	1704.0	SEVEN	2.0		seven	seven	七
434	Chen-2013-888-435	八	eight	1705.0	EIGHT	2.0		eight	eight	八
435	Chen-2013-888-436	九	nine	1483.0	NINE	2.0		nine	nine	九
436	Chen-2013-888-437	十	ten	1515.0	TEN	2.0		ten	ten	十
437	Chen-2013-888-438	十一	eleven	1706.0	ELEVEN	2.0		eleven	eleven	十一
438	Chen-2013-888-439	十二	twelve	1707.0	TWELVE	2.0		twelve	twelve	十二
439	Chen-2013-888-440	十三	thirteen	1708.0	THIRTEEN	2.0		thirteen	thirteen	十三
440	Chen-2013-888-441	十四	fourteen	2451.0	FOURTEEN	2.0		fourteen	fourteen	十四
441	Chen-2013-888-442	十五	fifteen	1709.0	FIFTEEN	2.0		fifteen	fifteen	十五
442	Chen-2013-888-443	十六	sixteen	2454.0	SIXTEEN	2.0		sixteen	sixteen	十六
443	Chen-2013-888-444	十	ten	1515.0	TEN	2.0		ten	ten	十
444	Chen-2013-888-445	十七	seventeen	2453.0	SEVENTEEN	2.0		seventeen	seventeen	十七
445	Chen-2013-888-446	十	ten	1515.0	TEN	2.0		ten	ten	十
446	Chen-2013-888-447	十八	eighteen	1713.0	EIGHTEEN	2.0		eighteen	eighteen	十八
447	Chen-2013-888-448	十九	nineteen	1714.0	NINETEEN	2.0		nineteen	nineteen	十九
448	Chen-2013-888-449	二十	twenty	1710.0	TWENTY	2.0		twenty	twenty	二十
449	Chen-2013-888-450	三十	thirty	1715.0	THIRTY	2.0		thirty	thirty	三十
450	Chen-2013-888-451	百	hundred	1634.0	HUNDRED	2.0		hundred	hundred	百
451	Chen-2013-888-452	位（客）		516.0	PERSON (CLASSIFIER)	4.0			classifier for people	个(一~人)
452	Chen-2013-888-453	个（蛋）				4.0				
453	Chen-2013-888-454	只（鸡）		2081.0	CHICKEN (CLASSIFIER)	2.0			classifier for two birds	只(两~鸟)
454	Chen-2013-888-455	条（河）		2084.0	ROPE (CLASSIFIER)	4.0			classifier for rope	条(一~绳子)
455	Chen-2013-888-456	棵（树）		2721.0	TREE (CLASSIFIER)	4.0			classifier for trees	棵(一~树)
456	Chen-2013-888-457	根（棍）		2085.0	STICK (CLASSIFIER)	2.0			classifier for sticks (big) (note:+long)	"根(一~棍子) ((用于修饰""大棍子""))"
457	Chen-2013-888-458	块		594.0	PIECE					
458	Chen-2013-888-459	双		2089.0	PAIR (CLASSIFIER)	2.0			pair (of shoes)	双(一~鞋)
459	Chen-2013-888-460	层								
460	Chen-2013-888-461	件		2088.0	CLOTHING (CLASSIFIER)	4.0			classifier for garments	件(一~衣)
461	Chen-2013-888-462	句								
462	Chen-2013-888-463	首								
463	Chen-2013-888-464	斤		2647.0	CATTY (MASS UNIT)	2.0				
464	Chen-2013-888-465	两								
465	Chen-2013-888-466	丈								
466	Chen-2013-888-467	尺		2782.0	FOOT (MEASURE)	2.0			foot (=1 / 3 meter)	尺(一~)
467	Chen-2013-888-468	元		1406.0	FAR	2.0			far / distant	远
468	Chen-2013-888-469	年	year	1226.0	YEAR	2.0		year	year	年
469	Chen-2013-888-470	月	month	1370.0	MONTH	2.0		month	month	月
470	Chen-2013-888-471	天	sky	1225.0	DAY (NOT NIGHT)	2.0		sky	day (time)	白天
471	Chen-2013-888-472	岁		1789.0	AGE	2.0			age	年纪
472	Chen-2013-888-473	每天	every day					every day		
473	Chen-2013-888-474	前面		2194.0	FRONT (PART)	2.0			front	前(~边)
474	Chen-2013-888-475	后面		1686.0	BEHIND	2.0				
475	Chen-2013-888-476	左边	left	244.0	LEFT	2.0		left	left	左边
476	Chen-2013-888-477	右边	right	1019.0	RIGHT	2.0		right	right	右边
477	Chen-2013-888-478	上边		57.0	ATOP					
478	Chen-2013-888-479	下边		1485.0	BELOW OR UNDER				below / under	以下
479	Chen-2013-888-480	里边		1606.0	INSIDE	2.0			inside (the sea, a well) (note:+building)	里(~边) ((房屋)~)
480	Chen-2013-888-481	外边		762.0	OUTSIDE	2.0			outside	外(~边)
481	Chen-2013-888-482	中间	middle	1093.0	MIDDLE	2.0		middle	middle	中间
482	Chen-2013-888-483	旁边	side	682.0	SIDE	2.0		side	side	旁边
483	Chen-2013-888-484	今天	today	1283.0	TODAY	2.0		today	today	今天
484	Chen-2013-888-485	明天	tomorrow	1329.0	TOMORROW	2.0		tomorrow	tomorrow	明天
485	Chen-2013-888-486	昨天	yesterday	1174.0	YESTERDAY	2.0		yesterday	yesterday	昨天
486	Chen-2013-888-487	后天	day after tomorrow	1179.0	DAY AFTER TOMORROW	2.0		day after tomorrow	day after tomorrow	后天
487	Chen-2013-888-488	上午		2775.0	FORENOON	2.0				
488	Chen-2013-888-489	中午	noon	12.0	MIDDAY	2.0		noon	noon	中午
489	Chen-2013-888-490	下午		1807.0	AFTERNOON	2.0				
490	Chen-2013-888-491	早晨	morning	1339.0	MORNING	2.0		morning	morning	早晨
491	Chen-2013-888-492	晚上	night, at / evening, in the	1629.0	EVENING	2.0		night, at / evening, in the	night, at / evening, in the	晚上
492	Chen-2013-888-493	半夜	midnight	1233.0	NIGHT			midnight	night, at	夜里
493	Chen-2013-888-494	初一	day (first of lunar month)					day (first of lunar month)		
494	Chen-2013-888-495	初二	day (second of lunar month)					day (second of lunar month)		
495	Chen-2013-888-496	初三								
496	Chen-2013-888-497	正月		2036.0	JANUARY	2.0			January (year in which New Year is celebrated)	一月 (正月(过年的月份))
497	Chen-2013-888-498	二月		2037.0	FEBRUARY	2.0			"February (lit. 'second month') (note:""the second month"")"	"二月 (""第二个月"")"
498	Chen-2013-888-499	三月		2846.0	MARCH	2.0				
499	Chen-2013-888-500	四月		2847.0	APRIL	2.0				
500	Chen-2013-888-501	五月		2848.0	MAY (MONTH)	2.0				
501	Chen-2013-888-502	六月		2849.0	JUNE	2.0				
502	Chen-2013-888-503	七月		2850.0	JULY	2.0				
503	Chen-2013-888-504	八月		2851.0	AUGUST	2.0				
504	Chen-2013-888-505	九月		2852.0	SEPTEMBER	2.0				
505	Chen-2013-888-506	十月		2853.0	OCTOBER	2.0				
506	Chen-2013-888-507	十一月		2854.0	NOVEMBER	2.0				
507	Chen-2013-888-508	十二月		2855.0	DECEMBER	2.0				
508	Chen-2013-888-509	今年	this year	513.0	THIS YEAR	2.0		this year	this year	今年
509	Chen-2013-888-510	去年	last year	514.0	LAST YEAR	2.0		last year	last year	去年
510	Chen-2013-888-511	明年	next year	515.0	NEXT YEAR	2.0		next year	next year	明年
511	Chen-2013-888-512	现在	present, the (time)	1376.0	NOW	2.0		present, the (time)	present, the (time)	现在
512	Chen-2013-888-513	将来		2427.0	FUTURE				future (near) (note:+proximal)	将来 ((指近期))
513	Chen-2013-888-514	从前	past, in the	2914.0	ONCE (IN THE PAST)	2.0		past, in the	past, in the	从前
514	Chen-2013-888-515	我	I	1209.0	I	2.0		I	I	我
515	Chen-2013-888-516	我们	we	1212.0	WE	2.0		we	we	我们
516	Chen-2013-888-517	你	you	1215.0	THOU	2.0		you	you	你
517	Chen-2013-888-518	你们	you (pl.)	1213.0	YOU	2.0		you (pl.)	you (pl.)	你们
518	Chen-2013-888-519	他	he	1211.0	HE	2.0		he	he	他
519	Chen-2013-888-520	他们	they	817.0	THEY	2.0		they	they	他们
520	Chen-2013-888-521	大家	we all	98.0	ALL	2.0		we all	all / everything	一切
521	Chen-2013-888-522	自己		1993.0	SELF	2.0				
522	Chen-2013-888-523	别人	other person(s)	2422.0	SOMEONE	2.0		other persons||other person(s)||other person(s) (lit. 'person home')	others / miscellaneous	其他
523	Chen-2013-888-524	这	this	1214.0	THIS	2.0		this	thus / this (way) / (like) this	这样
524	Chen-2013-888-525	那		78.0	THAT	2.0			that (over yonder)	那(远指)
525	Chen-2013-888-526	什么	what	1236.0	WHAT	2.0		what	what	什么
526	Chen-2013-888-527	哪个		727.0	WHICH					
527	Chen-2013-888-528	哪里	where	1237.0	WHERE	2.0		where	where	哪里
528	Chen-2013-888-529	大	big / large	1202.0	BIG	2.0		big / large	big / large	大
529	Chen-2013-888-530	小	small	1246.0	SMALL	2.0		small	small	小
530	Chen-2013-888-531	高		1265.0	HIGH	2.0				
531	Chen-2013-888-532	矮、低		721.0	LOW					
532	Chen-2013-888-533	长	long	1203.0	LONG	2.0		long	long	长
533	Chen-2013-888-534	短	short	1645.0	SHORT	2.0		short	short	短
534	Chen-2013-888-535	远	far / distant	1406.0	FAR	2.0		far / distant	far / distant	远
535	Chen-2013-888-536	近	near	1942.0	NEAR	2.0		near	near / close	接近
536	Chen-2013-888-537	宽		1243.0	WIDE	2.0				
537	Chen-2013-888-538	窄	narrow	1267.0	NARROW	2.0		narrow	narrow	窄
538	Chen-2013-888-539	厚	thick	1244.0	THICK	2.0		thick	thick	厚
539	Chen-2013-888-540	薄	thin	2306.0	THIN (OF LEAF AND CLOTH)	2.0		thin		
540	Chen-2013-888-541	深	deep	1593.0	DEEP	2.0		deep	deep	深
541	Chen-2013-888-542	浅	shallow	193.0	SHALLOW	2.0		shallow	shallow	浅
542	Chen-2013-888-543	满	full	1429.0	FULL	2.0		full	full, be / filled up	满(~了)
543	Chen-2013-888-544	空	empty	1624.0	EMPTY	2.0		empty	empty	空
544	Chen-2013-888-545	多	many / much	1198.0	MANY	2.0		many / much	many / much	多
545	Chen-2013-888-546	少	few / little	1242.0	FEW	2.0		few / little	several / few, a	几个
546	Chen-2013-888-547	方		2757.0	ANGULAR (SQUAREFORMED)	2.0				
547	Chen-2013-888-548	圆		1395.0	ROUND	2.0			circle / circular (planar)	圆 ((圆筒形))
548	Chen-2013-888-549	扁	flat / shallow	1633.0	FLAT			flat / shallow	level / flat	平
549	Chen-2013-888-550	尖	pointed	1396.0	SHARP	2.0		pointed	sharp	锋利
550	Chen-2013-888-551	平	level / flat	1633.0	FLAT	2.0		level / flat	level / flat	平
551	Chen-2013-888-552	直		1404.0	STRAIGHT	2.0			straight	直(~的)
552	Chen-2013-888-553	横		2376.0	HORIZONTAL	2.0			horizontal	横(~的)
553	Chen-2013-888-554	弯	curved, become / bent	2004.0	BEND	2.0		bend at the waist||curved, become / bent	bend	弄弯
554	Chen-2013-888-555	黑		163.0	BLACK	2.0			black (of faces)	黑 ((脸)~)
555	Chen-2013-888-556	白	white	1335.0	WHITE	2.0		white	white	白
556	Chen-2013-888-557	红	red	156.0	RED	2.0		red	red	红
557	Chen-2013-888-558	黄	yellow	1424.0	YELLOW	2.0		yellow	yellow	黄
558	Chen-2013-888-559	绿	green	1425.0	GREEN	2.0		green	green	绿
559	Chen-2013-888-560	蓝	blue	837.0	BLUE	2.0		blue||blue (lit. 'sky color')	blue	蓝
560	Chen-2013-888-561	亮		679.0	BRIGHT	2.0			bright	亮(~的)
561	Chen-2013-888-562	暗	dark	706.0	DARK	2.0		dark	dark	暗
562	Chen-2013-888-563	重	heavy	1210.0	HEAVY	2.0		heavy	heavy	重
563	Chen-2013-888-564	轻	light	1052.0	LIGHT (WEIGHT)	2.0		light (weight)	light	轻
564	Chen-2013-888-565	快	quick /	1631.0	FAST	2.0		quick / fast||quick / fast (body movement)||quick / fast (speed)	quick /	快
565	Chen-2013-888-566	慢		701.0	SLOW	2.0			slow (body movement) (note:+manner {lit. of	慢 ((动作)~)
566	Chen-2013-888-567	早	early	672.0	EARLY	2.0		early	early	早
567	Chen-2013-888-568	迟	late	425.0	BE LATE	2.0		late	hold up / delay	耽误
568	Chen-2013-888-569	锋利	sharp	1396.0	SHARP	2.0		sharp	sharp	锋利
569	Chen-2013-888-570	清		1147.0	PURE	4.0				
570	Chen-2013-888-571	稀（疏）		209.0	RARE	4.0				
571	Chen-2013-888-572	蜜（稠）								
572	Chen-2013-888-573	浓		1244.0	THICK				thick	厚
573	Chen-2013-888-574	稠（浊）		2239.0	DENSE	4.0			thick	稠(粥~)
574	Chen-2013-888-575	淡		2181.0	LIGHT (IN TASTE)	2.0				
575	Chen-2013-888-576	胖	fat	1279.0	FAT (OBESE)	2.0		fat||fat (adult)||fat (infant)	fat	胖
576	Chen-2013-888-577	痩		1400.0	THIN (SLIM)	4.0			thin	瘦
577	Chen-2013-888-578	干枯					add withered			
578	Chen-2013-888-579	湿	wet	1726.0	WET	2.0		wet	wet	湿
579	Chen-2013-888-580	硬	hard	1884.0	HARD	2.0		hard	hard	硬
580	Chen-2013-888-581	软	soft	1856.0	SOFT	2.0		soft / spongy / loose||soft	soft	软
581	Chen-2013-888-582	活		1422.0	BE ALIVE	2.0			alive, become / active (people)	活(~了) ((人)~)
582	Chen-2013-888-583	死	die	1494.0	DIE	2.0		die	die	死
583	Chen-2013-888-584	光	light	1624.0	EMPTY			light	empty	空
584	Chen-2013-888-585	松	lax / loose /	2506.0	LOOSE	4.0		lax / loose / slack||lax / fluffy / puffy	lax / loose /	松
585	Chen-2013-888-586	紧	tense / tight /	3053.0	TIGHT	4.0		tense / tight / taut	tense / tight /	紧
586	Chen-2013-888-587	齐								
587	Chen-2013-888-588	对	right /	1725.0	CORRECT (RIGHT)	2.0		right / correct	right /	对
588	Chen-2013-888-589	错	wrong	1390.0	WRONG			wrong	wrong	错
589	Chen-2013-888-590	真	true	1657.0	TRUE	4.0		true (words)||true	true	真
590	Chen-2013-888-591	假		3069.0	FALSE	4.0			fake (goods)	假 ((货)~)
591	Chen-2013-888-592	生		1959.0	RAW	2.0				
592	Chen-2013-888-593	熟		269.0	COOKED	2.0				
593	Chen-2013-888-594	新	new	1231.0	NEW	2.0		new	new	新
594	Chen-2013-888-595	旧	used /	2113.0	OLD (USED)	2.0		used / old||used / old (of things)	used /	旧
595	Chen-2013-888-596	好	good	1035.0	GOOD	2.0		good||good (thought)||good (quality of material)	good	好
596	Chen-2013-888-597	坏		1292.0	BAD	2.0			bad (things) (note:broken (bad	坏 ((东西)~)
597	Chen-2013-888-598	贵		1426.0	EXPENSIVE	2.0			expensive	贵(~价钱)
598	Chen-2013-888-599	贱								
599	Chen-2013-888-600	老	old, be	2112.0	OLD (AGED)	2.0		old, be	old, be	老
600	Chen-2013-888-601	嫩		1207.0	YOUNG	4.0			young	年轻
601	Chen-2013-888-602	美		1427.0	BEAUTIFUL				beautiful / pleasant to the	好看
602	Chen-2013-888-603	丑		1548.0	UGLY	2.0			ugly (looking)	"丑 (""不好看"")"
603	Chen-2013-888-604	热		1286.0	HOT	2.0			hot (water)	热 ((水)~)
604	Chen-2013-888-605	冷	cold (weather,	1287.0	COLD	2.0		cold (weather, water)||cold (water)||cold (weather)	cold (weather,	冷
605	Chen-2013-888-606	难	difficult	584.0	DIFFICULT	2.0		difficult	difficult	难
606	Chen-2013-888-607	容易	easy	686.0	EASY	2.0		easy	easy	容易
607	Chen-2013-888-608	香		376.0	FRAGRANT	2.0			fragrant	香(气味~)
608	Chen-2013-888-609	臭	stinking /	1587.0	SMELL (STINK)	2.0		stinking / smelly		
609	Chen-2013-888-610	酸	sour	1906.0	SOUR	2.0		sour	sour	酸
610	Chen-2013-888-611	甜	sweet	717.0	SWEET	2.0		sweet	sweet	甜
611	Chen-2013-888-612	苦	bitter	887.0	BITTER	2.0		bitter	bitter	苦
612	Chen-2013-888-613	辣	peppery	544.0	SPICY	2.0		peppery	hot /	辣
613	Chen-2013-888-614	咸	salty	1091.0	SALTY	2.0		salty	salty	咸
614	Chen-2013-888-615	醒		825.0	AWAKE	2.0				
615	Chen-2013-888-616	忙	busy	2755.0	BUSY	2.0		busy	busy	忙
616	Chen-2013-888-617	富	rich	712.0	RICH	2.0		rich	have (money)	有(~钱)
617	Chen-2013-888-618	穷	poor	1674.0	POOR	2.0		poor	poor	穷
618	Chen-2013-888-619	干净	clean	704.0	CLEAN	2.0		clean	clean	干净
619	Chen-2013-888-620	脏	dirty	1230.0	DIRTY	2.0		dirty	dirty	脏
620	Chen-2013-888-621	饱	eaten one's fill,	106.0	SATIATED	2.0		eaten one's fill, have		
621	Chen-2013-888-622	饿	hungry, be	1533.0	BE HUNGRY	2.0		hungry, be	hungry, be	饿
622	Chen-2013-888-623	渴	thirsty, be	847.0	THIRSTY	2.0		thirsty, be	thirsty, be	渴
623	Chen-2013-888-624	困								
624	Chen-2013-888-625	累	tired, be / fatigued	1757.0	TIRED	2.0		tired, be / fatigued	tired, be / fatigued	累
625	Chen-2013-888-626	急								
626	Chen-2013-888-627	聪明	clever	2530.0	SMART	2.0		clever		
627	Chen-2013-888-628	傻		1518.0	STUPID	2.0			stupid	蠢
628	Chen-2013-888-629	勤快	industrious /	2077.0	DILIGENT	2.0		industrious / hardworking		
629	Chen-2013-888-630	懒	lazy	1564.0	LAZY	2.0		lazy	lazy	懒
630	Chen-2013-888-631	凶					add fierce			
631	Chen-2013-888-632	响	loud	377.0	LOUD			loud	loud	响
632	Chen-2013-888-633	熬	decoct (herbal					decoct (porridge / conjee)||decoct (herbal medicine)		
633	Chen-2013-888-634	拔		2325.0	PULL OUT	2.0				
634	Chen-2013-888-635	搻		1749.0	TAKE				take / hold / get	拿
635	Chen-2013-888-636	搬		765.0	MOVE	2.0			move (a	搬(~凳子)
636	Chen-2013-888-637	帮助	help	1897.0	HELP	2.0		help	help	帮助
637	Chen-2013-888-638	捆绑		1917.0	TIE				bind / tie	绑
638	Chen-2013-888-639	剥		275.0	PEEL	2.0				
639	Chen-2013-888-640	抱		928.0	EMBRACE	2.0			embrace / hug	拥抱
640	Chen-2013-888-641	背	back	465.0	CARRY ON BACK	2.0		back		
641	Chen-2013-888-642	比								
642	Chen-2013-888-643	编（辫子）		1043.0	BRAID	4.0			braid / plait (female's) (note:+female)	辫子 ((女人的)~)
643	Chen-2013-888-644	编（篮子）		1043.0	BRAID	4.0			braid / plait (female's) (note:+female)	辫子 ((女人的)~)
644	Chen-2013-888-645	变		1264.0	CHANGE	2.0			change	换
645	Chen-2013-888-646	病	ill, to	1847.0	SICK	2.0		ill, to be		
646	Chen-2013-888-647	补		2243.0	REPAIR	2.0				
647	Chen-2013-888-648	猜		1932.0	GUESS	2.0			guess (a	猜(~谜)
648	Chen-2013-888-649	踩	step on /	2065.0	STEP (VERB)	2.0		step on / tread	step on / trample / stamp	踏
649	Chen-2013-888-650	藏		2486.0	HIDE	2.0				
650	Chen-2013-888-651	插		3071.0	INSERT	2.0				
651	Chen-2013-888-652	折		1470.0	FOLD	4.0				
652	Chen-2013-888-653	缠		1113.0	WRAP				wrap	包(~药)
653	Chen-2013-888-654	唱		1261.0	SING	2.0			sing (own songs)	唱 (~(本族歌曲))
654	Chen-2013-888-655	炒	stir-fry	2162.0	STIR FRY	2.0		stir-fry||stir-fry (grain)	stir-fry	炒
655	Chen-2013-888-656	沉	sink	1088.0	SINK (DESCEND)			sink	cave in / sink	下陷
656	Chen-2013-888-657	称		1098.0	WEIGH	2.0			weigh	称(~粮食)
657	Chen-2013-888-658	成		1990.0	BECOME					
658	Chen-2013-888-659	吃	eat	1336.0	EAT	2.0		eat (meat, corn, etc.)||eat (rice, etc.)||eat	eat	吃
659	Chen-2013-888-660	舂	pestle / pound	225.0	PESTLE			pestle / pound	grind / pestle (medicine)	研(~药)
660	Chen-2013-888-661	出		1107.0	GO OUT	2.0				
661	Chen-2013-888-662	锄（革）		1418.0	DIG				dig / scoop out	挖
662	Chen-2013-888-663	穿（衣）		814.0	DRESS UP	4.0				
663	Chen-2013-888-664	穿（鞋）		158.0	PUT ON	4.0			put on (another layer of clothing)	套（～衣服）
664	Chen-2013-888-665	吹（喇叭）		176.0	BLOW (WITH MOUTH)	4.0			blow away (a speck of	吹(~灰)
665	Chen-2013-888-666	搓		430.0	TWIST	2.0			twist (a towel)	拧(~毛巾)
666	Chen-2013-888-667	答应	promise /	1675.0	PROMISE			promise / consent	promise /	答应
667	Chen-2013-888-668	打鸣		2074.0	CROW (VERB)				crow (of hens)	叫(母鸡~)
668	Chen-2013-888-669	打（人）		1433.0	HIT	4.0			hit (a	打(~人)
669	Chen-2013-888-670	打（枪）		3180.0	SHOOT (WITH SLINGSHOT)	4.0				
670	Chen-2013-888-671	戴（帽）		976.0	WEAR	2.0			wear / bear	佩带
671	Chen-2013-888-672	戴（手镯）		976.0	WEAR	4.0			wear / bear	佩带
672	Chen-2013-888-673	倒（下）		1280.0	FALL				fall down (a wall) / topple	倒(墙~)
673	Chen-2013-888-674	到		1387.0	ARRIVE	2.0			arrive	到达
674	Chen-2013-888-675	倒（水）		1487.0	POUR				pour or throw out (water)	倒掉(~水)
675	Chen-2013-888-676	得到	get / acquire	694.0	GET			get / acquire	receive	收到
676	Chen-2013-888-677	等		1590.0	WAIT (FOR)	2.0			wait	等待
677	Chen-2013-888-678	掉		750.0	DROP	2.0			drop	掉(~下)
678	Chen-2013-888-679	吊	hang	2884.0	HANG			hang	hang	吊
679	Chen-2013-888-680	跌倒	fall over / down	1280.0	FALL	2.0		fall over / down	fall down (a wall) / topple	倒(墙~)
680	Chen-2013-888-681	动		2874.0	MOVE (ONESELF)				move	搬(~家)
681	Chen-2013-888-682	堵塞	block up / plug					block up / plug		
682	Chen-2013-888-683	（线）断		460.0	BREAK (OF ROPE)	4.0			snap (a thread)	弄断(~线)
683	Chen-2013-888-684	（扁担）断		2558.0	BREAK (CLEAVE)	4.0			snap / break (a stick)	弄断(~棍子)
684	Chen-2013-888-685	躲避								
685	Chen-2013-888-686	剁		2149.0	CHOP (INTO PIECES)	2.0				
686	Chen-2013-888-687	翻		1445.0	TURN (SOMETHING) 					
687	Chen-2013-888-688	发烧	fever, have	1534.0	FEVER			fever, have	fever, have	发烧
688	Chen-2013-888-689	纺		121.0	SPIN	4.0			spin (into yarn)	纺(~纱)
689	Chen-2013-888-690	放（牛）		998.0	PUT	4.0				
690	Chen-2013-888-691	飞	fly	1441.0	FLY (MOVE THROUGH AIR)	2.0		fly	fly	飞
691	Chen-2013-888-692	分		1359.0	SEPARATE	2.0			separate (cause to)	分开(使~)
692	Chen-2013-888-693	缝	sew (up)	1457.0	SEW	2.0		sew (up)	sew (up)	缝
693	Chen-2013-888-694	孵	hatch / incubate	2075.0	BROOD (VERB)	2.0		hatch / incubate	hatch / incubate	孵
694	Chen-2013-888-695	扶								
695	Chen-2013-888-696	浮		1574.0	FLOAT	2.0			float	漂浮
696	Chen-2013-888-697	（应）该								
697	Chen-2013-888-698	改		2856.0	CHANGE (SOMETHING)	2.0			alter	改变
698	Chen-2013-888-699	盖（被）								
699	Chen-2013-888-700	盖（锅）		761.0	COVER				cover / hide from view	遮蔽
700	Chen-2013-888-701	赶走			DISPEL				drive out / expel	驱逐
701	Chen-2013-888-702	敢	dare	1779.0	DARE	2.0		dare	dare	敢
702	Chen-2013-888-703	告诉	tell	1711.0	TELL	2.0		tell	tell (a story)	讲(~故事)
703	Chen-2013-888-704	割（草）		1432.0	CUT	4.0			cut / rip open	剖
704	Chen-2013-888-705	给	give	1447.0	GIVE	2.0		give (hand over)||give||give (as a gift)	give	给
705	Chen-2013-888-706	耕	plough / till	1486.0	PLANT (SOMETHING)			plough / till	plant / raise (wheat) (scatter)	种(~麦子) (点~)
706	Chen-2013-888-707	（猪）拱（土）								
707	Chen-2013-888-708	刮		175.0	BLOW (OF WIND)	2.0			blow (whirlwind) (note:+whirlwind)	刮(~风) (~(旋风))
708	Chen-2013-888-709	挂		357.0	HANG UP	2.0			dry (clothes) in the air	晾(~衣)
709	Chen-2013-888-710	关（门）		1046.0	SHUT				close (the door)	关(~门)
710	Chen-2013-888-711	滚		827.0	ROLL	4.0			roll (transitive) (note:tran)	滚 ((及物动词))
711	Chen-2013-888-712	过（桥）		1367.0	CROSS	4.0			cross / pass	越过
712	Chen-2013-888-713	害羞	shy, be / bashful	487.0	SHY	2.0		shy, be / bashful	shy, be / bashful	害羞
713	Chen-2013-888-714	喝	drink	1401.0	DRINK	2.0		drink	drink	喝
714	Chen-2013-888-715	哼					add hum			
715	Chen-2013-888-716	划		234.0	PADDLE				paddle / row	划(~船)
716	Chen-2013-888-717	化								
717	Chen-2013-888-718	怀孕		1123.0	PREGNANT				pregnant, be (person) (note:+person)	怀孕 ((指人))
718	Chen-2013-888-719	还帐								
719	Chen-2013-888-720	换	change	2509.0	EXCHANGE	2.0		change||take (a breath)	exchange	交换
720	Chen-2013-888-721	回来		581.0	COME BACK				return (come back) (note:+go)	回 (~去)
721	Chen-2013-888-722	会（写）		2238.0	KNOW OR BE ABLE	4.0			know (to write)	会(~写)
722	Chen-2013-888-723	挤		1414.0	SQUEEZE	2.0				
723	Chen-2013-888-724	记得	remember	707.0	REMEMBER	2.0		remember	recall / remember	想起
724	Chen-2013-888-725	夹								
725	Chen-2013-888-726	捡	pick up	371.0	PICK UP			pick up	pick up	捡
726	Chen-2013-888-727	剪	scissor (wool, hair)	2155.0	CUT (WITH SCISSORS)	2.0		scissor (for cutting cloth)||scissor||scissor (paper)||scissor (wool, hair)	scissor (wool, hair)	剪
727	Chen-2013-888-728	浇		3078.0	IRRIGATE	4.0			water / sprinkle / irrigate	浇(~水)
728	Chen-2013-888-729	吠		1204.0	BARK	2.0			bark	叫(狗~)
729	Chen-2013-888-730	结（果）		1917.0	TIE	4.0			bind / tie	绑
730	Chen-2013-888-731	连接	connect / join	2862.0	CONNECT	2.0		connect / join	connect / join	连接
731	Chen-2013-888-732	解开	untie / undo	352.0	UNTIE			untie / undo	untie / undo	解开
732	Chen-2013-888-733	借（钱）		1823.0	BORROW	4.0			borrow (tools)	借(~工具)
733	Chen-2013-888-734	进（屋）		749.0	ENTER	4.0			enter (a house)	进(~屋)
734	Chen-2013-888-735	救	rescue / save	2008.0	RESCUE	2.0		rescue / save	rescue / save	救
735	Chen-2013-888-736	锯	saw				add saw (something)	saw		
736	Chen-2013-888-737	开（门）		1156.0	OPEN	2.0			open (a door)	开(~门)
737	Chen-2013-888-738	（水）开		792.0	BOIL (OF LIQUID)	4.0			boiling, be (water)	开(水~了)
738	Chen-2013-888-739	（花）开		3287.0	BLOOM	4.0				
739	Chen-2013-888-740	砍（树）		1432.0	CUT (WITH AXE)	4.0				
740	Chen-2013-888-741	砍（骨头）		155.0	CHOP	4.0			chop (firewood)	劈(~柴)
741	Chen-2013-888-742	看	watch	1819.0	LOOK	2.0		watch		
742	Chen-2013-888-743	看见	see	1409.0	SEE	2.0		see	see (a doctor)	看病(病人~)
743	Chen-2013-888-744	扛	shoulder	413.0	CARRY ON SHOULDER	2.0		shoulder		
744	Chen-2013-888-745	烤（火）		1962.0	ROAST (SOMETHING)	4.0				
745	Chen-2013-888-746	咳嗽	cough	879.0	COUGH	2.0		cough	cough	咳嗽
746	Chen-2013-888-747	啃	gnaw / nibble	2706.0	GNAW	2.0		gnaw / nibble	gnaw / nibble	啃
747	Chen-2013-888-748	哭	cry	1839.0	CRY	2.0		cry		
748	Chen-2013-888-749	拉屎	empty the bowels	676.0	SHIT (DEFECATE)			empty the bowels		
749	Chen-2013-888-750	来		1446.0	COME	2.0			come (imperative)	来 ((将来时))
750	Chen-2013-888-751	烂		1728.0	ROTTEN	2.0				
751	Chen-2013-888-752	破裂		680.0	BREAK (DESTROY OR GET DESTROYED)				spout / burst	迸(~出)
752	Chen-2013-888-753	流		2003.0	FLOW	2.0			flow (of water)	流(水~)
753	Chen-2013-888-754	留		2003.0	FLOW	2.0			flow (of water)	流(水~)
754	Chen-2013-888-755	漏		2253.0	DRIP (EMIT LIQUID)	4.0			leak (iron pot)	漏(~水) ((石锅)~)
755	Chen-2013-888-756	落		1280.0	FALL	2.0			fall down (a wall) / topple	倒(墙~)
756	Chen-2013-888-757	骂	scold	299.0	SCOLD	4.0		scold	scold	骂
757	Chen-2013-888-758	埋	bury	1719.0	BURY	2.0		bury	bury	埋
758	Chen-2013-888-759	买	buy	1869.0	BUY	2.0		buy	buy	买
759	Chen-2013-888-760	卖	sell	1571.0	SELL	2.0		sell	sell	卖
760	Chen-2013-888-761	没有								
761	Chen-2013-888-762	（火）灭		127.0	EXTINGUISH	4.0				
762	Chen-2013-888-763	摸	stroke / touch	1892.0	TOUCH			stroke / touch	stroke / touch	摸
763	Chen-2013-888-764	磨（刀）		251.0	SHARPEN (SOMETHING)	4.0				
764	Chen-2013-888-765	磨（面）		1033.0	GRIND	2.0			grind (flour)	磨(~面)
765	Chen-2013-888-766	拿	take / hold / get	2104.0	HOLD OR TAKE	2.0		take / hold / get		
766	Chen-2013-888-767	念								
767	Chen-2013-888-768	呕吐	throw up / vomit	1278.0	VOMIT	2.0		throw up / vomit	throw up / vomit	呕吐
768	Chen-2013-888-769	爬行		96.0	CRAWL				crawl (of people)	爬(人~)
769	Chen-2013-888-770	爬（树）		1102.0	CLIMB	4.0			climb (a mountain)	爬(~山)
770	Chen-2013-888-771	怕		1419.0	FEAR (BE AFRAID)	2.0			afraid, be	害怕
771	Chen-2013-888-772	拍		2133.0	STRIKE OR BEAT	2.0				
772	Chen-2013-888-773	跑	run	1519.0	RUN	2.0		run	run	跑
773	Chen-2013-888-774	泡								
774	Chen-2013-888-775	赔								
775	Chen-2013-888-776	喷								
776	Chen-2013-888-777	劈		1437.0	SPLIT	4.0				
777	Chen-2013-888-778	（衣）破		680.0	BREAK (DESTROY OR GET DESTROYED)	4.0			spout / burst	迸(~出)
778	Chen-2013-888-779	骑	ride (a horse)	367.0	RIDE	2.0		ride (a horse)	ride (a horse)	骑
779	Chen-2013-888-780	起来	rise / stand up	570.0	STAND UP			get up (out of bed)||rise / stand up	rise / stand up	起来
780	Chen-2013-888-781	牵		43.0	LEAD (GUIDE)	4.0			"lead (the way) / guide (lit. 'lead head') (note:""pioneer"")"	"带(~路) (""带头"")"
781	Chen-2013-888-782	欠		369.0	OWE	2.0			owe (money)	欠(~钱)
782	Chen-2013-888-783	抢	rob / loot	2073.0	ROB (VERB)	2.0		rob / loot	rob / loot	抢
783	Chen-2013-888-784	敲	knock / strike	2396.0	KNOCK			knock / strike	knock / strike	敲
784	Chen-2013-888-785	请								
785	Chen-2013-888-786	去	go / leave	695.0	GO	2.0		go / leave (past)||go / leave||go / leave (future)	go / leave	去
786	Chen-2013-888-787	缺								
787	Chen-2013-888-788	燃		2012.0	BURN				catch (fire) / be (on fire) (a house)	着(~火) ((房子)~火)
788	Chen-2013-888-789	认识		2248.0	KNOW (SOMEBODY)	2.0				
789	Chen-2013-888-790	融化		2334.0	MELT	2.0				
790	Chen-2013-888-791	撒尿		592.0	PISS				piss / pee	撒(~尿)
791	Chen-2013-888-792	扫	sweep	230.0	SWEEP	4.0		sweep	sweep	扫
792	Chen-2013-888-793	杀（人）		1417.0	KILL	4.0			kill (a person)	杀 (~(人))
793	Chen-2013-888-794	筛		86.0	SIEVE	2.0			sieve / sift	筛(~米)
794	Chen-2013-888-795	晒		2015.0	MAKE DRY	2.0			dry (clothes) in the sun	晒(~衣服)
795	Chen-2013-888-796	上（楼）		705.0	GO UP (ASCEND)	4.0			rise / go up	升起
796	Chen-2013-888-797	烧（山）		141.0	BURN (SOMETHING)	4.0				
797	Chen-2013-888-798	射		1172.0	SHOOT	2.0			shoot (an arrow)	射(~箭)
798	Chen-2013-888-799	生（小孩）		1195.0	GIVE BIRTH	4.0			birth, give to	生(~孩子)
799	Chen-2013-888-800	是		1268.0	YES	2.0				
800	Chen-2013-888-801	不是		1269.0	NO	2.0				
801	Chen-2013-888-802	收（玉米）		694.0	GET	4.0			receive	收到
802	Chen-2013-888-803	守（庄稼）								
803	Chen-2013-888-804	梳	comb	2070.0	COMB (VERB)	4.0		comb	comb	梳
804	Chen-2013-888-805	输		1660.0	LOSE	2.0			lose (a game) (gambling)	输 ((赌~))
805	Chen-2013-888-806	数（钱）		1420.0	COUNT	4.0			count (numbers)	数(~数目)
806	Chen-2013-888-807	拴（牛）		2891.0	TIE UP (TETHER)					
807	Chen-2013-888-808	睡觉		1585.0	SLEEP	2.0			sleep	睡
808	Chen-2013-888-809	说	speak	1458.0	SAY	2.0		speak		
809	Chen-2013-888-810	送（客）		1447.0	GIVE	4.0			give	给
810	Chen-2013-888-811	赠送								
811	Chen-2013-888-812	缩		54.0	SHRINK					
812	Chen-2013-888-813	抬	lift up / carry	501.0	LIFT	2.0		lift up / carry	lift (the lid)	揭(~盖子)
813	Chen-2013-888-814	逃跑	escape / run away	2142.0	RUN AWAY	2.0		escape / run away	escape / run away	逃跑
814	Chen-2013-888-815	乞讨		1828.0	ASK (REQUEST)				beg (for food)	讨(~饭)
815	Chen-2013-888-816	疼		1129.0	PAINFUL	4.0				
816	Chen-2013-888-817	提		501.0	LIFT	2.0			lift (the lid)	揭(~盖子)
817	Chen-2013-888-818	填		2006.0	FILL				fill up (a hollow)	填(~坑)
818	Chen-2013-888-819	挑（水）		413.0	CARRY ON SHOULDER	4.0				
819	Chen-2013-888-820	跳		1829.0	JUMP	2.0			jump	跳(~远)
820	Chen-2013-888-821	听	listen	1608.0	LISTEN	2.0		listen	listen	听
821	Chen-2013-888-822	听见	hear	1408.0	HEAR	2.0		hear	hear	听见
822	Chen-2013-888-823	偷	steal	713.0	STEAL	2.0		steal	steal	偷
823	Chen-2013-888-824	吐（痰）		1440.0	SPIT	2.0			spit	吐(~痰)
824	Chen-2013-888-825	推		1452.0	PUSH	2.0			push / shove (people, cars)	推 (~(车,人))
825	Chen-2013-888-826	退		421.0	RETREAT	2.0			back up / retreat	退(后~)
826	Chen-2013-888-827	拖		1455.0	PULL	2.0			pull / lead (a cow) along	牵(~牛)
827	Chen-2013-888-828	脱（衣）		1755.0	UNDRESS	4.0			take off (clothes)	脱(~衣)
828	Chen-2013-888-829	脱（皮）		1755.0	UNDRESS	4.0			take off (clothes)	脱(~衣)
829	Chen-2013-888-830	挖	dig / scoop out	1418.0	DIG	2.0		dig / scoop out	dig / scoop out	挖
830	Chen-2013-888-831	忘记	forget	1523.0	FORGET	2.0		forget	forget	忘记
831	Chen-2013-888-832	喂（猪）		739.0	FEED	4.0				
832	Chen-2013-888-833	嗅		1586.0	SMELL (PERCEIVE)	2.0			smell	闻(臭)
833	Chen-2013-888-834	问	ask / question	1309.0	ASK (INQUIRE)	2.0		ask / question	ask / question	问
834	Chen-2013-888-835	吸气		2705.0	INHALE				inhale	吸(~气)
835	Chen-2013-888-836	洗（碗）		1453.0	WASH	4.0			wash (clothes)	洗(~衣)
836	Chen-2013-888-837	洗（衣）		1453.0	WASH	4.0			wash (clothes)	洗(~衣)
837	Chen-2013-888-838	下（楼）		374.0	ONE TIME	4.0				
838	Chen-2013-888-839	下（雨）		1253.0	RAIN (RAINING)	4.0				
839	Chen-2013-888-840	下（小猪）		1195.0	GIVE BIRTH	4.0	add give birth (animal)		birth, give to	生(~孩子)
840	Chen-2013-888-841	想	think	2271.0	THINK	2.0		think		
841	Chen-2013-888-842	削	pare / peel with a knife	275.0	PEEL			pare / peel with a knife		
842	Chen-2013-888-843	笑	laugh / smile	1355.0	LAUGH	2.0		laugh / smile	laugh / smile	笑
843	Chen-2013-888-844	醒		1602.0	WAKE UP	2.0				
844	Chen-2013-888-845	选		1750.0	CHOOSE				choose / pick	挑选
845	Chen-2013-888-846	寻找	display structure	1468.0	LOOK FOR	2.0		find / look for||display structure		
846	Chen-2013-888-847	压	press / push down	1913.0	PRESS	2.0		press / push down	press / push down	压
847	Chen-2013-888-848	痒	itch / tickle	148.0	ITCH	2.0		itch / tickle		
848	Chen-2013-888-849	摇		1909.0	SHAKE				shake / quake	震动
849	Chen-2013-888-850	咬		1403.0	BITE	2.0			bite (of snakes) (note: (wrong number))	咬 (~(牙))
850	Chen-2013-888-851	要	want / need	1784.0	WANT	2.0		want / need	like (to eat	爱(~吃)
851	Chen-2013-888-852	移动		765.0	MOVE				move (a	搬(~凳子)
852	Chen-2013-888-853	游		1439.0	SWIM	2.0			swim	游泳
853	Chen-2013-888-854	有		2152.0	THERE IS OR THERE ARE	2.0			there is (water in the bowl)	有(碗里~水)
854	Chen-2013-888-855	没有		2329.0	LACK (NOT HAVE)					
855	Chen-2013-888-856	栽		1486.0	PLANT (SOMETHING)				plant / raise (wheat) (scatter)	种(~麦子) (点~)
856	Chen-2013-888-857	炸		991.0	FRY	4.0			fry (cold rice)	热(~饭) ((炒)~)
857	Chen-2013-888-858	站	stand	1442.0	STAND	2.0		stand	stand	站
858	Chen-2013-888-859	长（大）		552.0	GROW UP	4.0				
859	Chen-2013-888-860	胀		1573.0	SWELL				swell (of tissue)	肿
860	Chen-2013-888-861	找		1468.0	LOOK FOR	2.0				
861	Chen-2013-888-862	照								
862	Chen-2013-888-863	折断		2558.0	BREAK (CLEAVE)				snap / break (a stick)	弄断(~棍子)
863	Chen-2013-888-864	争								
864	Chen-2013-888-865	蒸	steam	2068.0	BRAISE (VERB)	2.0		steam		
865	Chen-2013-888-866	知道		1410.0	KNOW (SOMETHING)	2.0		know		知道
866	Chen-2013-888-867	织（布）		133.0	WEAVE	2.0			weave (a	编(~篮子)
867	Chen-2013-888-868	指	point at / to / out				add point to 	point at / to / out		
868	Chen-2013-888-869	肿	swell (of tissue)	1573.0	SWELL	2.0		swell (of tissue)	swell (of tissue)	肿
869	Chen-2013-888-870	种（菜）		653.0	PLANT (VEGETATION)	4.0				
870	Chen-2013-888-871	煮		1100.0	COOK (SOMETHING)	4.0				
871	Chen-2013-888-872	住		363.0	DWELL (LIVE, RESIDE)	2.0				
872	Chen-2013-888-873	抓		1436.0	SCRATCH	2.0			scratch (an itch)	挠(~痒)
873	Chen-2013-888-874	转（身）		1588.0	TURN	4.0			turn (cause to)	转动(使~)
874	Chen-2013-888-875	转动		121.0	SPIN				spin (into yarn)	纺(~纱)
875	Chen-2013-888-876	装		1679.0	LOAD	4.0				
876	Chen-2013-888-877	追	chase after	1435.0	HUNT	2.0		chase after	hunt	打猎
877	Chen-2013-888-878	捉	catch / capture	702.0	CATCH	2.0		catch / capture	catch / capture	捉
878	Chen-2013-888-879	啄					add peck			
879	Chen-2013-888-880	走	walk	1443.0	WALK	2.0		walk	walk	走
880	Chen-2013-888-881	醉	drunk, be	1463.0	DRUNK	2.0		drunk, get||drunk, be	drunk, be	醉
881	Chen-2013-888-882	坐	sit down	1416.0	SIT	2.0		sit down		
882	Chen-2013-888-883	做	do / make	813.0	DO	4.0		do / make (past)||do / make||do / make (future)		
883	Chen-2013-888-884	不		1240.0	NOT	2.0				
884	Chen-2013-888-885	都		98.0	ALL	2.0			all / everything	一切
885	Chen-2013-888-886	也								
886	Chen-2013-888-887	很		1311.0	VERY	2.0				
887	Chen-2013-888-888	和		1577.0	AND	2.0				
888	Chen-2013-888-889	的								
889	Chen-2013-888-890	极		1311.0	VERY					
